Fecha_Corte,CJN,CSM,CFA,CSP,CLY,CSA,CPX,CIH,CQC,CJP,CMG,CEC,CCR,CCM,CST,CTO,CTR,CJO,CMR,CJB,CCP,CAS,CCA,CSR,CMM,CME,CCB,CCF,CPG,CLS,CMD,CSN,CSQ,CLO,CVE,COO,CLC,CEY,CPS,CHO,CAE,CUM
2005-01-31,0.06932379448269196,0.1282478643649168,0.15751586847909302,0.20605863088620868,0.10383234077446274,0.06002014101384499,0.015635951554506842,0.021866404634195064,0.007020822035398932,0.00630748259983488,0.04005568129615963,0.09494532511405128,0.023288775840219288,0.029263772413099513,0.04877656913168521,0.19710408555792658,0.03981465915821081,0.008907440075764982,0.02894159398225841,0.029034811426674877,0.03231556296723372,,,,,,,,,,,,,,,,,,,,,
2005-02-28,0.08005905132186672,0.1325056223456042,0.15520694968697762,0.21900679606959314,0.120973929036902,0.08625204449134981,0.026035815448992868,0.017805670528769513,0.00642938454310982,0.007509992396614818,0.04639698616669341,0.10935784680271757,0.031297947963484674,0.03433939471740763,0.06326679037369853,0.18168906875454788,0.04385033511567922,0.007682955748887225,0.032124208605654965,0.03621662648971979,0.03413516160528546,,,,,,,,,,,,,,,,,,,,,
2005-03-31,0.07480837360236206,0.1351856016266629,0.14940327702348685,0.21776642561327159,0.11854845289842383,0.06670591185562637,0.019878983199563216,0.013591793950282365,0.007280978944424571,0.006420607653354474,0.0431553594188943,0.10324594602797812,0.021919997854434485,0.039377757965105786,0.06652239620411599,0.182860313042144,0.0481979089182589,0.006613193503951149,0.029461919343168573,0.03793906124584553,0.03132107641110376,,,,,,,,,,,,,,,,,,,,,
2005-04-30,0.07262972165963726,0.131446373555227,0.14047942434252667,0.21291138930416134,0.11731260093468095,0.06364209479173466,0.015113300696046673,0.013581663074729026,0.004110220570803551,0.0049907963127904026,0.04820526107566349,0.11411466879056008,0.020053914899568842,0.02376043966154732,0.07407018961955265,0.20491251633550558,0.045926964912174725,0.005472129966281368,0.021952570531583077,0.036797443235077894,0.03483742575636849,0.04986893633106974,0.08333995794758438,0.15734897965177957,,,,,,,,,,,,,,,,,,
2005-05-31,0.07068275055603791,0.1379464744974712,0.13847014336154365,0.2174226887968121,0.09989983658872856,0.06400700710213915,0.02195664886227441,0.019896378622871216,0.016831923996078683,0.005808141188415448,0.033663174980415454,0.10553007121102065,0.02586685937337129,0.016363044817056926,0.05540881036332598,0.21489089552103513,0.05090607261363053,0.004094152166358732,0.02897583919188396,0.046981462407831125,0.030909526811337976,0.049482376386953186,0.09139194590193812,0.15540349553014643,,,,,,,,,,,,,,,,,,
2005-06-30,0.05517046686843208,0.12576612960311528,0.12581515441024474,0.22923221967399132,0.09100858063960157,0.06800726772018477,0.025388509146019256,0.010095641495201946,0.01050517278851355,0.003600525451289888,0.02756332186025004,0.08323172433546552,0.017440610609157126,0.018227663014396777,0.03408569010214511,0.25716504828979037,0.03655892228190721,0.003600707038944845,0.027285306366593425,0.03219638036077883,0.030916270510782398,0.05176071779576527,0.06561706224508441,0.11809468926797649,,,,,,,,,,,,,,,,,,
2005-07-31,0.04959080598342678,0.12699165326484654,0.1307303634933324,0.23108664393797224,0.0839395076593535,0.06111395435125464,0.021960611898442842,0.013872958263871898,0.012174448580216922,0.0025263889233458057,0.036059068022196904,0.08905885510180689,0.016998833187270662,0.017077270844731793,0.043295184592172554,0.2739521377054972,0.03995763983419142,0.004078739154214419,0.025490338730506112,0.032789720175428874,0.030991872189814217,0.05387418601550449,0.07101104773635943,0.07852621716720402,,,,,,,,,,,,,,,,,,
2005-08-31,0.054054004990782306,0.1223354972635449,0.14508475252868605,0.2286410410032918,0.08389270635490309,0.06497243185453856,0.036194591688774855,0.013132453771115611,0.011808369817152536,0.0026441367499586577,0.04404588108086716,0.08329969736713319,0.01965814404425726,0.017699946119741364,0.04336333344642591,0.2581569494133129,0.042440085712343,0.0053854651380436805,0.029197030426325144,0.034476380859975266,0.03296338190486804,0.05523754594586314,0.06664744635180198,0.08236849210856785,,,,,,,,,,,,,,,,,,
2005-09-30,0.048735479600193594,0.12323509877113675,0.13213356507505192,0.23007582530691603,0.08912451117624877,0.04979750770474672,0.03583454565771019,0.009934996819439943,0.008619379658888298,0.003677810247203133,0.03539969103647665,0.08271041607425687,0.01613638640556281,0.028630965832684718,0.04087161030852383,0.2727696356632618,0.032669382977043054,0.002925900934756472,0.028909134160546603,0.026319350292690717,0.02936670665615754,0.05459638264418524,0.05793595170226648,0.07861744255084066,,,,,,,,,,,,,,,,,,
2005-10-31,0.04899058727496788,0.11777337100125508,0.1226505908136641,0.1656955861489849,0.08311350911192167,0.08057873025054449,0.030345120447107393,0.008376580717699313,0.007909104173952207,0.0071244599722436516,0.04385489184513495,0.07684075361717907,0.015459582594123694,0.016822316337242384,0.051326242925992374,0.3614089035757843,0.03253333075014951,0.004764457447709594,0.0289044046376285,0.024946678399472285,0.030504661238056976,0.04124548001678852,0.055944278487003445,0.07463127783534348,,,,,,,,,,,,,,,,,,
2005-11-30,0.062398914597347484,0.10911241650733447,0.1212355267779183,0.13982314942552446,0.08365552936304951,0.08141994830368292,0.026690537159297593,0.009869467566945353,0.009917143922999019,0.0019207074222280143,0.046172794146479575,0.07832799293185765,0.019451219454908134,0.018253478100451758,0.05670729560942132,,0.03467922687482452,0.00585725265272452,0.030911651014150932,0.03013516756811537,0.026580558235108975,0.04170753949655885,0.06090398338175511,0.07536917862067337,,,,,,,,,,,,,,,,,,
2005-12-31,0.04676362765839155,0.10422095198139208,0.11308462420778956,0.1327105565426264,0.07480606068509041,0.04053414235148813,0.024750331332830108,0.007375281375857009,0.007412260703298349,0.0013388482072818504,0.02507804792716487,0.06314671305638495,0.01212910178591521,0.018490698508578454,0.021791439090966844,,0.028081196083002916,0.0036114610477244193,0.0228838764778407,0.01952020601371779,0.021252847189711824,0.036480778458846,0.033173495029075226,0.054578649250612676,,,,,,,,,,,,,,,,,,
2006-01-31,0.0463908769360233,0.1057297917092308,0.12725677178879594,0.14157747240202148,0.08098474935577797,0.07895642779958777,0.024695218114260974,0.009767041305497806,0.005944319279539248,0.0021600522218090637,0.03443479383703876,0.07377687115419992,0.01075106862582985,0.017148694475614203,0.049548968264928446,,0.04304110778106619,0.00249364969668557,0.023329521753567766,0.017812563426417436,0.029523477848897854,0.0376467794973905,0.04024626212294241,0.06284666864270302,,,,,,,,,,,,,,,,,,
2006-02-28,0.0595213700828514,0.10176399807970675,0.12969525878165106,0.14619704227183325,0.08036778592295625,0.07389779069909266,0.03925771234743657,0.01071491817592085,0.010212099022424618,0.0035694400282383033,0.04327495647823112,0.06845205527218996,0.015117846152221202,0.023595022080359306,0.05474631301313724,,0.04507848929442186,0.003595151543010653,0.03123337662124045,0.033361916365399494,0.033651498451551555,0.04184907341099247,0.03310753928893609,0.07119000570106607,,,,,,,,,,,,,,,,,,
2006-03-31,0.05519173258967049,0.10021145815459935,0.12875047505692416,0.1317682789169398,0.0819539782682332,0.06123785053182362,0.019493659297476262,0.007881232469563716,0.011119860717389638,0.0020694909978364972,0.024405015774572464,0.06640683884181552,0.016356003053273373,0.023294556573346212,0.04949457927664076,,0.03570446450451005,0.0023272485707619677,0.02790591979665363,0.026581222636998095,0.027065545537122895,0.039147284454740056,0.0407986498444543,0.06089017481242244,,,,,,,,,,,,,,,,,,
2006-04-30,0.05855563031909803,0.09266246476579505,0.11924504600568164,0.1399902237541659,0.0857450697101248,0.0709449637786483,0.02267800390500373,0.007119501707777677,0.007878380819644683,0.001905795183261101,0.019541987114604042,0.07535808395084326,0.018117067480644237,0.021621968938525773,0.06366816023020512,,0.04119211709350429,0.005536767420978227,0.026007250391372704,0.02688045877848156,0.02542079943665294,0.03438425099234534,0.03557763406442603,0.06223353452113211,,,,,,,,,,,,,,,,,,
2006-05-31,0.049635930911170516,0.0946460704677542,0.11653940079156286,0.1327935687413762,0.08857306971314255,0.05775050587657552,0.027840264622673375,0.011210937445008427,0.014658190109289404,0.002577428164551032,0.020706761581886446,0.07439617770765451,0.01693914551782623,0.01691392284287568,0.04700078315293241,,0.03200143657690877,0.0066358074260517265,0.026595483315253923,0.0305341072864517,0.025845725314711875,0.03618075837402962,0.03706522929104781,0.06605580871518522,,,,,,,,,,,,,,,,,,
2006-06-30,0.042765155190180294,0.09180921748792578,0.10626109213935045,0.11531090572582472,0.07427124618081697,0.04139575464835986,0.025228249319995334,0.006494142408535248,0.008599164345430097,0.0013024810354733385,0.0170659654771384,0.06467367548627567,0.013237367318459016,0.015668098167312093,0.026949282805775687,,0.03565949842914279,0.005617310697852493,0.026172955875099952,0.028974689834861216,0.024489738468237158,0.03264498572178454,0.024702326051844203,0.055066587568718676,,,,,,,,,,,,,,,,,,
2006-07-31,0.041977194853366345,0.08725985141918251,0.1128529913236014,0.12938779439712908,0.08143202099899095,0.06347847684643022,0.02629539015567347,0.008104700168678867,0.0056384322438244525,0.000890986407700274,0.015038914826534064,0.07200920253792388,0.014205015093685946,0.015262163020357836,0.03395994935214291,,0.03499386575192111,0.005650120252824311,0.023288542622769786,0.028667278939842274,0.02223183599596824,0.03335465687065545,0.02578915148100147,0.05345806695668437,,,,,,,,,,,,,,,,,,
2006-08-31,0.036891570532498155,0.08494890540912212,0.11150086004132842,0.1277620117495485,0.08497464170699184,0.046753652935711466,0.03147198034982258,0.010535590228125783,0.005285599173614473,0.0014427099203707717,0.015113131346596139,0.06291971895480329,0.013804888145737191,0.014722921020403956,0.03787096392205347,,0.03098706635283591,0.004756093024188975,0.01799187572771416,0.019073477293861177,0.02339394743792123,0.031718655362119874,0.02994113473477365,0.0663373987709215,,,,,,,,,,,,,,,,,,
2006-09-30,0.04330473443128899,0.0917123805349444,0.10817438672210035,0.11914053262608225,0.08178003838147375,0.0401397238161358,0.029170711655974468,0.010203142451423959,0.004608310611012353,0.001605429273746653,0.02860845193172353,0.05003146746594966,0.01224399825389732,0.025970563402177984,0.04506987109277813,,0.030806688525000084,0.005122275801357272,0.02145649707321423,0.008767994683847922,0.022479064647554357,0.02981151117737286,0.033429419379169406,0.048541852399141355,,,,,,,,,,,,,,,,,,
2006-10-31,0.04481850258970378,0.0843065221356545,0.1060335760385168,0.11825552760567826,0.07123267234588376,0.042607394571636814,0.024067973810076176,0.009020210368606174,0.004729791686829414,0.0024282372716643323,0.02474913753776571,0.05393339372991606,0.01313435051828052,0.022233503516581526,0.03553374651255746,,0.03434956365582554,0.007776575611494757,0.021352579936710154,0.011717748566461204,0.021421401638808443,0.027516148816308105,0.02321489234508071,0.05388963350913845,,,,,,,,,,,,,,,,,,
2006-11-30,0.044388897929585606,0.08168766338231769,0.10625643163983678,0.12235873457081498,0.07432837486169704,0.04094520525294302,0.03246180903048294,0.0059824271362607815,0.006130120258357291,0.0018115693884966407,0.020289846413028008,0.05034899763294354,0.011069125432904317,0.015823848371137022,0.03425678144712447,,0.028224140418255036,0.006460264839158191,0.02090151792458196,0.022379948584868248,0.020940731572896356,0.029609923945024673,0.029899361171643005,0.05273682492642322,,,,,,,,,,,,,,,,,,
2006-12-31,0.036054327903926736,0.07273053793971752,0.09229998004520802,0.08282331952764573,0.06200684969398096,0.007498331034611421,0.025653570984007813,0.005031568657000255,0.004330593430109587,0.0013040780670543223,0.02059180795512079,0.029104102817306986,0.006588019661816784,0.01392543204961309,0.01608289107303317,,0.02096203851005103,0.0036374944755919836,0.01855057581799113,0.014434057026524637,0.01796191142107379,0.026364957535559876,0.02412998101364906,0.03247761069312418,,,,,,,,,,,,,,,,,,
2007-01-31,0.03945061219231635,0.07470443762859602,0.09418216993014096,0.0915045522630283,0.07153627307128485,0.038428624961960214,0.025508311713941047,0.007410029071004895,0.003241403068074178,0.001790813113951851,0.012312543412275265,0.03359292687114642,0.008049809556348314,0.012843434939492561,0.04445685035998915,,0.029248680143975567,0.004080715451755571,0.020189570581867107,0.015288468296378716,0.01588981584902349,0.0299247369149984,0.023891034179676193,0.03605258830406251,,,,,,,,,,,,,,,,,,
2007-02-28,0.05067793303188323,0.07760844382487263,0.09977977905016452,0.10700144555002908,0.07842654565696933,0.04063250566617229,0.03048039187859738,0.005508889977778606,0.006099130719246281,0.0017005940989564417,0.016316880201906032,0.027691251666315295,0.011245516512983602,0.01586598732374788,0.055492970311786356,,0.032368545657585665,0.002778580323913541,0.0262825771267083,0.03401673250074525,0.017036203563544846,0.028380129109214867,0.026056227965407457,0.048357148906756596,,,,,,,,,,,,,,,,,,
2007-03-31,0.04918509654433219,0.07412827779864048,0.09904875128219885,0.09784653860586084,0.07265598742955477,0.03071810853085747,0.03035666939821139,0.006218957354127816,0.01002220018211528,0.0013541632113593161,0.015090504795807487,0.027276327533148775,0.010895381344489053,0.017930166016348056,0.0345323010127502,,0.025326864872249815,0.004424853275243253,0.029295643099681058,0.026686311132569772,0.01886170652037424,0.03204019009312007,0.02239135547310264,0.04051526849802224,,,,,,,,,,,,,,,,,,
2007-04-30,0.03894088095561899,0.07414046037414541,0.09490109463935963,0.09947698642813924,0.0679279995121127,0.03242095135749978,0.028843082436867496,0.006866167808418666,0.006008746576820759,0.0012665654779731486,0.016245104727911627,0.028014397929450555,0.008227815712363662,0.019871848027911945,0.038202374941956975,,0.031501327538514715,0.0014753721121097574,0.02418383874416281,0.021517191088015773,0.016755631490612165,0.032420654915217374,0.02559242734052869,0.034311295641446665,,,,,,,,,,,,,,,,,,
2007-05-31,0.03890161599916298,0.07595150104592586,0.09018034061174078,0.10995594371095126,0.06739383656427791,0.032372094647501945,0.02608707736803548,0.004726777794286855,0.0020400348089858935,0.002508877401832788,0.008302605997503473,0.019700069306517246,0.008338666234645334,0.019787785037208235,0.030964416322329127,,0.03606327380020885,0.0018550343860665244,0.02243046021478235,0.014083337859407555,0.0164865353011561,0.028456924250273036,0.024785776080381478,0.032176810732328975,,,,,,,,,,,,,,,,,,
2007-06-30,0.03485787536124481,0.07018722744947388,0.08002693830175783,0.09353611089406651,0.06078337384727133,0.027769560962129545,0.013003949410885198,0.006816511292155261,0.005840851130019053,0.0025197674786886733,0.006870126590229156,0.018737639162152087,0.008498434083798067,0.012532422364253677,0.022994175183014765,,0.02924642780213525,0.0023877666955369474,0.019149022015306955,0.010825476589490497,0.014546072883446361,0.02592321231403121,0.02342396327247612,0.028157465369138192,,,,,,,,,,,,,,,,,,
2007-07-31,0.030953256464962924,0.06738381366372623,0.08706138223237239,0.10530546758819917,0.05594088916445158,0.028734152102510572,0.016052365223200776,0.005731359506065333,0.003101877420023194,0.0018263683920721567,0.007240921114546839,0.012167092807387658,0.00757396513988534,0.009937463922201456,0.03681782853822368,,0.030918126471656017,0.004671418729289607,0.017722404498528063,0.013071593879845333,0.014297878010492482,0.020644446563949377,0.030126203734456593,0.029146735153167402,,,,,,,,,,,,,,,,,,
2007-08-31,0.029994220970782283,0.06599208385410445,0.08601653643570117,0.10625016623471338,0.04835292576363751,0.030650280921266843,0.022251005339918244,0.011891654412527118,0.006386420714637265,0.0018154013109143883,0.013338128753579294,0.011735110464961614,0.008845153434356358,0.011385427914948417,0.0322454248506481,,0.024045238836690935,0.0033446851585763513,0.020113244499242528,0.019733419827614212,0.012027198300115175,0.032074938179861644,0.023518316813116884,0.031042162999984135,,,,,,,,,,,,,,,,,,
2007-09-30,0.030501416516061582,0.06604377186993865,0.0821141298570623,0.08666858205955409,0.04807398139955941,0.025723619113603234,0.019785031530958095,0.0070551961997171835,0.006080507399663891,0.001549134834804032,0.012788251359083581,0.014569770836156952,0.007216518227444618,0.011231726308979336,0.026929629994741248,,0.02582133573193622,0.003181053623406201,0.016593440769124074,0.016531509943392614,0.0121761025840037,0.025454703921537113,0.01750183760469216,0.027940915248908186,,,,,,,,,,,,,,,,,,
2007-10-31,0.02814842201990739,0.06612678970047045,0.0825718873583745,0.0890435951119038,0.053028370043883284,0.027377460452141174,0.024041584190989434,0.007362143056055255,0.00462848927678583,0.0034064058178642906,0.0056984622537839145,0.008282062594456546,0.00370307134288472,0.00956716854287261,0.02336206285123028,,0.024273545486734396,0.0029632741009675075,0.014731549526304007,0.017968685995345502,0.01122768199961379,0.0331258784252421,0.02014665439453328,0.02316370460527303,,,,,,,,,,,,,,,,,,
2007-11-30,0.028525226920165455,0.06490841892362616,0.07948692650288464,0.09001545489728961,0.054709484341255096,0.03257355082698359,0.019817306249755536,0.006066438209040001,0.004876284293772845,0.0028488605864964494,0.0076405527257049945,0.008154618509644267,0.0038053635140344296,0.009975664014559857,0.02336418306357816,,0.023076339866651936,0.003545235725133325,0.014616503932590097,0.018570762238211178,0.010022938470217837,0.027305777805947555,0.018711128171254712,0.02401696236494485,,,,,,,,,,,,,,,,,,
2007-12-31,0.024234248756187536,0.06247921644931316,0.06671543408469414,0.03841909580528223,0.04280183173418152,0.011253616046110632,0.02160240682558089,0.004757560149167934,0.003366758157619253,0.0025168934714061984,0.006149438609389947,0.007766342152770412,0.0033461993771950493,0.007659071698561609,0.015618538756261475,,0.020647413466301393,0.0019785799430402256,0.010739069201538257,0.006985704064460658,0.006492466546827481,0.027861209469075568,0.015124643459849796,0.014577101879344695,,,,,,,,,,,,,,,,,,
2008-01-31,0.030217247982155318,0.06023833696681588,0.07171777195565397,0.04650217678066982,0.04232078347822086,0.03800589934682722,0.024656415287947542,0.005292315193640816,0.0034156789282107428,0.0022705730205577366,0.004205142521117322,0.008101128670114862,0.004094397078248106,0.008335498894308475,0.031027588894022174,,0.023900134862416784,0.0017341379579619415,0.01066257748254304,0.012904849266850971,0.005503780960700926,0.024967339121364295,0.017530270899999142,0.016522603144632445,,,,,,,,,,,,,,,,,,
2008-02-29,0.038373503595107425,0.06395472823611222,0.08147416607079055,0.051542181500072455,0.04381410774601463,0.038325670119061364,0.028487964818592407,0.007284838268123922,0.005439735993430031,0.0024650033871105722,0.0054544286880875556,0.00935067791257018,0.0065106676840824265,0.009802566696737035,0.03213089118656475,,0.023398195797378254,0.0046860243844257755,0.012823404453512714,0.027456069809924672,0.005815184371839797,0.03339883726125534,0.020625881345478395,0.020129994679280925,,,,,,,,,,,,,,,,,,
2008-03-31,0.035549008425173584,0.0685924817129353,0.07721963297328267,0.047364963692736475,0.044293804067522397,0.03671244524837361,0.03626153274410885,0.007388024987690452,0.003748884240733564,0.0019375829317210393,0.005231234022413384,0.00962740795505009,0.0046392420682478805,0.008987982957530567,0.0269779126653771,,0.03488600287372297,0.002312825720631736,0.011299745610365314,0.03162171253534658,0.005666002368114461,0.037200699653429085,0.019417141546197364,0.022645489872207863,,,,,,,,,,,,,,,,,,
2008-04-30,0.035012037492554916,0.062594230228473,0.07836345781875015,0.04387646186292632,0.0440946725422275,0.038264859810908075,0.032202272187089584,0.0057237162507679995,0.006683670771317901,0.0012995670081258515,0.00403775311439137,0.00833323082515523,0.003979302869984732,0.006603127028892903,0.023662398514004156,,0.02569155731128651,0.0010869615144785587,0.01072075758831248,0.026390944081349326,0.007145125134897486,0.02897043198287493,0.022242589967738396,0.022474785065843113,,,,,,,,,,,,,,,,,,
2008-05-31,0.03314010580195768,0.05797788456642263,0.0746343685919102,0.048790369468465815,0.044971394378652205,0.035964144336090575,0.031238165165462718,0.007993047471844438,0.005731999480848816,0.0028957930969571027,0.005281026832138733,0.0067942156352311335,0.0071687185729563075,0.007411062797680592,0.025437488523518268,,0.02632117919448936,0.0012930476313450707,0.010051224232838052,0.020652965812155456,0.005176236904351398,0.027553875643507843,0.02163638381477586,0.020588497824523048,,,,,,,,,,,,,,,,,,
2008-06-30,0.029305373198501804,0.05233159240592098,0.0625573438909184,0.04143242339699368,0.04038814008831666,0.031700548606860224,0.03048931544282338,0.007310568243405273,0.005689906464719335,0.0022562479014276863,0.0036986037362359103,0.004044557432779833,0.002211705926845075,0.007562519037482868,0.016553329100675016,,0.020489194533374288,0.0015487409661487364,0.009617822446645868,0.011800438790390982,0.004366725224819644,0.0249832317627909,0.013554896917462035,0.018052114104444832,,,,,,,,,,,,,,,,,,
2008-07-31,0.0259234717721027,0.05180680124018482,0.06610244404480027,0.04185203967709959,0.043745794514522436,0.015291080988592715,0.03579768963883285,0.006024640872565943,0.003910535819146464,0.0031050892204578934,0.0033060670088232128,0.0035673982265758087,0.002838749758544629,0.005368156186049736,0.019077213455792785,,0.02008793170559182,0.002027335498664903,0.010021321846065304,0.015819993140604286,0.0041153387779792674,0.026889964201230403,0.016314347343733073,0.018243388611122135,,,,,,,,,,,,,,,,,,
2008-08-31,0.03244138539065969,0.05002878307983827,0.06278341994021826,0.02230537932306096,0.03950624929195703,0.029921649970232,0.03999733741418338,0.006941645567405569,0.0029494900453924783,0.003974330892162624,0.004118279869354307,0.005744125036923218,0.00723193606491561,0.011139865076106979,0.021132538079156063,,0.024690253991353474,0.0023122192049499194,0.017890529327734103,0.013824874357570401,0.003924193937496783,0.029645540074096276,0.02829446543875012,0.01777366413361753,,,,,,,,,,,,,,,,,,
2008-09-30,0.0316416624528078,0.05177810754335165,0.05603501067758571,0.026749315866826894,0.03907834714549086,0.019798782826203908,0.03607962481883524,0.005253879268001246,0.001456431699685042,0.0035444174898074756,0.003534679129768232,0.006988960419058481,0.009635732664475967,0.009909300299758454,0.021467196985578724,,0.03118939636653155,0.001771691118282118,0.018470311604745833,0.01809243476222644,0.004618483319275266,0.029337591216488944,0.024741616544186107,0.016494454374946323,,,,,,,,,,,,,,,,,,
2008-10-31,0.03003401121624155,0.05204082265619616,0.05354474056424227,0.03105752719784453,0.03821624198949287,0.019137070507263616,0.03448308955652022,0.006539235228733037,0.002529771437601801,0.004273862369707176,0.0023997439371311463,0.008023016578839215,0.007388147210956588,0.010823301189765282,0.020160407512393404,,0.02092490817237348,0.0017635402581290583,0.017250959235840264,0.013042015589714753,0.004107117949951509,0.029991763992768847,0.025609645015663526,0.013890076622018202,,,,,,,,,,,,,,,,,,
2008-11-30,0.03556434507616369,0.051278264253264275,0.056717843200587405,0.02667993788836121,0.05578928891398603,0.028122369540881365,0.03753560587040767,0.005765201143926778,0.005451235007623916,0.00416617687280065,0.0028714298424652182,0.00594742819619822,0.009726329766148092,0.009807412618052869,0.017759198561435405,,0.023486003456498965,0.002419297519081693,0.014597022351200684,0.021064795817109593,0.0020222601304186955,0.031450210219181776,0.027402861374924873,0.013962224833877608,,,,,,,,,,,,,,,,,,
2008-12-31,0.03177904451731032,0.050683787722616135,0.04485469063892515,0.01769022576853952,0.0211358137948683,0.010851089361018586,0.01971766061575127,0.0028242456270355615,0.006453647922664773,0.0037335577729305396,0.0035196267721787954,0.004520926346701497,0.007153506418416195,0.008230479771202651,0.01511936520092024,,0.016121130737892706,0.0030051674608718507,0.013423251579400622,0.01546150988088371,0.0017754727253902133,0.024389809656118443,0.016281600882256535,0.009732070074427099,,,,,,,,,,,,,,,,,,
2009-01-31,0.03327188242117081,0.04742782596841294,0.05297619522337585,0.02450911938993988,0.025137894018064606,0.017848108782284537,0.0215816637766262,0.005038864413945583,0.006040480120746181,0.004394966949303038,0.002534389957825638,0.00702197570689648,0.006447295186337337,0.009835660148032443,0.02643901260132445,,0.03365049769857835,0.001660313753435033,0.015624545715727807,0.015397241505560327,0.001989190402961383,0.024729903336125902,0.018386641326305003,0.013289907562428595,0.006244698067261907,,,,,,,,,,,,,,,,,
2009-02-28,0.04654824061391627,0.05105957809108257,0.05801177908326,0.04322239464732019,0.02545209031148307,0.03634454334736403,0.02899594204948199,0.007396277834163381,0.006341834460226314,0.005294268450079296,0.005345045697653515,0.009310717395832854,0.007947990437429052,0.01119161709610568,0.031224816050136356,,0.05031648413961207,0.0029642136636857884,0.01565755643374582,0.021185297749280598,0.0021707658675742254,0.028148290288702364,0.03244549121183698,0.017945395719926722,0.007518349813704403,,,,,,,,,,,,,,,,,
2009-03-31,0.04795564149843143,0.047169855819884345,0.058875085494493,0.03743677788980049,0.024385601077826478,0.03486357605232014,0.02605583958327925,0.0055575993642237465,0.007346531838537518,0.005464387418839876,0.005924160432618682,0.008765190125441143,0.009143411917941206,0.010820629860042499,0.02263645119682579,,0.030180798708191715,0.002226240304170779,0.014469614009071029,0.02189446762301474,0.0026211180175945287,0.0245290784235763,0.024344271951057463,0.01597920781068704,0.00863633022222607,,,,,,,,,,,,,,,,,
2009-04-30,0.0478552414498897,0.044304178058245984,0.05408798311596447,0.03613359522883752,0.02377572932559743,0.03144310639500381,0.021918369012097254,0.00458392058854518,0.005662914776723856,0.006252414560791985,0.006210239788765371,0.006811459996102851,0.009444587896907528,0.010847954389782538,0.021837854428142716,,0.032501270475382114,0.0043176225868762,0.016757093839230363,0.019314565342360937,0.0024463110742573763,0.027257755906327813,0.020347955891712854,0.019894569555235806,0.0073233974974311455,,,,,,,,,,,,,,,,,
2009-05-31,0.0506826171678725,0.04279467752290967,0.058700329923126154,0.03858793675276206,0.022166976138724568,0.03752865514376678,0.027239659581898227,0.005730182485324583,0.007049201267412109,0.007272573603886772,0.005514870391300482,0.006594879931962358,0.008228950258734689,0.010427256441346348,0.025148485123005673,,0.028819259827201366,0.004706346896875848,0.014589847428078432,0.013772584138561554,0.0041077385486733686,0.026481362590170063,0.02916868215073815,0.019340542571261502,0.008004603413692402,,,,,,,,,,,,,,,,,
2009-06-30,0.042897501147385914,0.03790851986686961,0.055075898435281385,0.03311490983720147,0.028587210467859978,0.01508997699219058,0.022613358775976644,0.0039051579351463434,0.007036008897525558,0.0052598645752631465,0.0060390839713522805,0.00879688076229505,0.006018190996712752,0.009095635426543798,0.01838327768885961,,0.03535346957512538,0.0034300863293019596,0.017071525971631956,0.017932887747193087,0.0029668808032718864,0.02300552520617958,0.016116686412287102,0.012069513141405778,0.006685282189037498,,,,,,,,,,,,,,,,,
2009-07-31,0.043715914924654,0.03786916353600862,0.05747115835768856,0.03109309759437083,0.024932149646593536,0.019830922941652212,0.018682377172681078,0.005499993729701546,0.00834136670732567,0.007274217224148372,0.005795162776983824,0.006882628575873282,0.0044769446644344815,0.006225499589917221,0.015955014990115028,,0.030081875767237445,0.0027955847224326066,0.016690068748326046,0.009895629711340738,0.0029727046257073575,0.018913101759955874,0.011760109482710054,0.01455033041338996,0.005396681587458869,,,,,,,,,,,,,,,,,
2009-08-31,0.04726285109058104,0.03820753337856534,0.05522717241294581,0.035928808781495035,0.022859867175360173,0.04180752610502356,0.022733633891923573,0.005933986269772989,0.007964567449606353,0.006483141242373347,0.007180300882118006,0.009987029013997404,0.005079678823115344,0.005637249801780508,0.021456287680171705,,0.03284392337194125,0.004469236833979505,0.0179471209241972,0.012205597884517161,0.003270080390417395,0.012759332094411902,0.015513682556975937,0.017066842156038056,0.0041752174555813515,,,,,,,,,,,,,,,,,
2009-09-30,0.04547861694113759,0.03871259606941077,0.05458818863464331,0.0362373952660924,0.019529253615246885,0.026957015598344052,0.019547742840269732,0.006213437547591919,0.008348379324900193,0.0054561621067091655,0.004213779668938049,0.0065879996995934454,0.003922775987993268,0.006874261657209663,0.02679789968964017,,0.03304261834965958,0.00580610544603425,0.01831711347202439,0.013931508552671546,0.004406137152042199,0.012536224908584923,0.010680778539203274,0.012422610095461587,0.0025836296719827425,,,,,,,,,,,,,,,,,
2009-10-31,0.04033678974153153,0.03972764129757964,0.05289105441547367,0.03577564323000936,0.0190429815330807,0.03520965085585972,0.022660920410624494,0.005279418500978298,0.007196061383943415,0.004979413265959944,0.006264641838564627,0.008756835612798405,0.005781532796387524,0.010169789016219604,0.0191337818960026,,0.03302485851442759,0.004818859501025455,0.01974037295474665,0.014918060674687393,0.004823844587276862,0.012518559597558371,0.010259927137861991,0.012989371928496155,0.0022147597206997886,,,,,,,,,,,,,,,,,
2009-11-30,0.03864471912699392,0.038548588465160114,0.057843317608126624,0.031489806300139415,0.021823821751361525,0.03557787095806296,0.02371904065777404,0.008494035646895791,0.006440775542345706,0.004516120405902956,0.006904891127280495,0.009169095215968528,0.008317895054343404,0.005123567466732101,0.024651728519353412,,0.0359892745494853,0.006970018290530209,0.01801521993630626,0.021929816929129913,0.0027411780612989463,0.014770387941217586,0.01167515177239633,0.015095893528306974,0.0018172284088276475,,,,,,,,,,,,,,,,,
2009-12-31,0.03252120760790955,0.03631027317492894,0.05234035243445604,0.02691405055923471,0.010823943883151723,0.01357158082777815,0.014919737669160542,0.006880027138798525,0.006053301002369396,0.005143035262128588,0.00714905706505384,0.004110059758534832,0.0032082532554671213,0.004138581438089437,0.014483569007958776,,0.030123670983749344,0.004782086816203564,0.015026237458395085,0.012299376952237323,0.0026543537385733387,0.009157675362669355,0.00830331099401343,0.009805723817547178,0.001739929225901777,,,,,,,,,,,,,,,,,
2010-01-31,0.03460735864780125,0.03887781942516731,0.0466237491385333,0.03466892645565459,0.009405503937137056,0.02756400558267745,0.01843460125464697,0.0056962263498199755,0.005256360510639011,0.005133439767975632,0.008842776246609266,0.008123014624051116,0.004302250023079069,0.005362097916141921,0.025061658980079015,,0.03441188847233647,0.0036953619254052467,0.016313649044689644,0.012571351724538977,0.0019002832873662862,0.010370549767730174,0.007983068199055275,0.02254674708162115,0.0011303973164034538,,,,,,,,,,,,,,,,,
2010-02-28,0.04287199023194437,0.04085088004644468,0.0591429049080914,0.03682258294733046,0.015297176195976179,0.04884869848917553,0.028974120157274807,0.007445797973235901,0.008361968303521119,0.008375426031864594,0.0059738051231929415,0.011939778378446071,0.0076732436063904055,0.005848979147065995,0.02721531161860383,,0.0379716154387881,0.004054050182092622,0.02339267837021818,0.016290235838031603,0.003151801497471012,0.019388836799738327,0.014413826109972461,0.01838506269961818,0.005260487993724636,,,,,,,,,,,,,,,,,
2010-03-31,0.04047582663015509,0.037165830908486734,0.051925259511063485,0.035797702963478895,0.012702755708222213,0.03853095549972617,0.02296060341409716,0.008050841772857533,0.008420646381070481,0.00728927016402739,0.004607828996516246,0.008701987652591421,0.005118585376794261,0.00523269517167733,0.024522765988078288,,0.03762782423788231,0.005013060266239199,0.023352676080007368,0.014619350299778325,0.0014702042163448866,0.01473051366370795,0.01629877462756745,0.01893473227264231,0.006458495005828398,,,,,,,,,,,,,,,,,
2010-04-30,0.03952919362479046,0.03749398437365272,0.047748788133874,0.0410935189937909,0.010863349948251205,0.030674841431171083,0.01738170080066025,0.006528212007844941,0.007920672550174158,0.007210420811563591,0.004494996728930825,0.007423638288389461,0.004479623202534685,0.0045133563685026004,0.023877150528349905,,0.032949181781190474,0.003576252843372216,0.02125081476679212,0.010731025757949103,0.0015561171182514296,0.01074729426284311,0.022195992675887368,0.016907647051167825,0.004645537469321839,,,,,,,,,,,,,,,,,
2010-05-31,0.038986128362695625,0.038498575082747476,0.049333461649042516,0.04434418548515684,0.010526661467720638,0.04298506454126073,0.022193618628704736,0.009110038109965489,0.01038044251293213,0.006796197077418199,0.0047486278049981056,0.00651968152547629,0.00593406355057598,0.005145531534571608,0.02524917916526286,,0.04034313947696622,0.004101035824918333,0.02427514411726692,0.01830165195804522,0.0010458080327005019,0.011215768098679631,0.02580661150359549,0.011946929420804187,0.0044586082284225085,,,,,,,,,,,,,,,,,
2010-06-30,0.0349177124907359,0.035171187950426175,0.04831786495084236,0.03696093142175705,0.013250842205104344,0.030470376546291422,0.020192921291285255,0.007685093545560352,0.010774715100005156,0.006848331035119775,0.0037197641583649145,0.008256165306101003,0.004412358609705636,0.004442985168093582,0.016374802535076404,,0.0322316869175622,0.004171180760389727,0.027970700239935822,0.019314480414469586,0.0010842026721109566,0.013343227870445387,0.014941262884002767,0.016740070229387814,0.0035403700870889152,,,,,,,,,,,,,,,,,
2010-07-31,0.035724108718248056,0.032803993620978564,0.051940484977574725,0.02566917006482826,0.010852852584366992,0.025834308790995592,0.022482272316073856,0.009836422669754569,0.010237398064077773,0.0076938044670304875,0.0032667244985504977,0.008278328713856564,0.0038025036452960575,0.005124343144287102,0.016221331933212915,,0.037054886093769016,0.005376207359452208,0.026736229349209353,0.013076585657869991,0.001689845816037917,0.01143370895254099,0.020281234839629247,0.026497265843248987,0.004549892588435991,,,,,,,,,,,,,,,,,
2010-08-31,0.03994532669095751,0.030742794235335498,0.05332640612841107,0.03935418185086595,0.009665601137974978,0.03393372418849019,0.028892790862393332,0.01088865389962862,0.009645454205243237,0.00517700957933439,0.004801585150863619,0.0105046165646908,0.0052451323672220475,0.0038402864483492957,0.017251886055993725,,0.03685353623917532,0.004458403059993363,0.023623490543083082,0.01660564605484294,0.0039263924370543275,0.011671565103029876,0.021510727868202035,0.018227715683052786,0.004944973433737559,,,,,,,,,,,,,,,,,
2010-09-30,0.038173410295294946,0.03296393612251357,0.05154418206232114,0.03528903708711568,0.009748256459044364,0.03331543750949921,0.03801701107695423,0.007345323529649472,0.008379856413020852,0.004508932828106423,0.004511425502759504,0.010504336646535137,0.004069160521137994,0.003010692748032137,0.01753942679297603,,0.032368426039715126,0.0044731033086785514,0.022948326990180734,0.01524787409045167,0.003401909769180076,0.014251312625282928,0.02291692865361452,0.020132313187198624,0.005589742497972541,,,,,,,,,,,,,,,,,
2010-10-31,0.03654545382238954,0.030312063569416042,0.05072363656384762,0.02950738609607151,0.012530825972513955,0.03263884377445801,0.0380057875054632,0.009779899685601844,0.013295934828839156,0.0041889803190937065,0.004731952250600921,0.013843072970944498,0.004375881330830003,0.0032758683565811504,0.01642074532494661,,0.027396296039203176,0.006693000654476885,0.02251003523006248,0.022003312654861856,0.001660004680913,0.01990630605654968,0.021920550505734583,0.027534572415457533,0.003944904408721895,,,,,,,,,,,,,,,,,
2010-11-30,0.035231301996121914,0.027541281950911843,0.04808257055049578,0.0450117876970105,0.01270028148211874,0.02840181694515036,0.03034943512482034,0.00746821487436208,0.009876032521120301,0.002782410572303195,0.0057497294428076945,0.011806349141114168,0.004964623324051259,0.0025716708106335792,0.015319251937459531,,0.027982996890431423,0.008241385226716224,0.02685228429446227,0.02221368760046898,0.00153436885792622,0.01415093455122734,0.02764783478142672,0.023335328779174543,0.004138301710719805,,,,,,,,,,,,,,,,,
2010-12-31,0.02913011000496161,0.02517937970795281,0.04846677709570845,0.021415171794450683,0.012407328474352509,0.023900943485932795,0.024486770629106477,0.005878969612546199,0.006777677311182491,0.0025568143985560386,0.00352113982870721,0.006510962167706459,0.0035374923842113985,0.0024569533463980526,0.00571028455205911,,0.01882520862419638,0.004309926884163684,0.018219883743258124,0.015593666732336116,0.0010190439540908494,0.007062726896124654,0.021740964755343185,0.015182530839922753,0.0018510023295468892,0.015572011035909538,,,,,,,,,,,,,,,,
2011-01-31,0.03305142395012526,0.02550309459309218,0.0465867332293487,0.04069079480020656,0.014532064447321429,0.0279086415825115,0.026060754133562864,0.010154965789305232,0.007272862064661241,0.002935862193285581,0.0040382731346259556,0.008026920927095924,0.0026990638562002698,0.0018467453519534155,0.009454336411554564,,0.021746454327953434,0.0035954480010852727,0.018262245553098466,0.016390602515899046,0.001480109179408719,0.010674077907234982,0.02205916704520762,0.02244374521252473,0.0029702807698386915,0.018837757497551608,,,,,,,,,,,,,,,,
2011-02-28,0.03786080253150169,0.028058306060658043,0.050264272786738666,0.029474008585129118,0.01705782038086007,0.04209595201120749,0.03939446230093306,0.012490953796280064,0.016114953577533994,0.005053693207193289,0.005850690636708388,0.011308030447387665,0.004275624018623284,0.0032144109349610695,0.010575562066621884,,0.020688947620664984,0.004120855251862425,0.020286744971845155,0.022823595503954443,0.0036334385137810894,0.014753255681792109,0.032075101248319665,0.02841523676835677,0.006358818801177311,0.01817229469381494,,,,,,,,,,,,,,,,
2011-03-31,0.03760024763045159,0.027589084054120982,0.05768367208050126,0.027626690908874832,0.018183610861820174,0.03776669409762229,0.02688823089196648,0.007211763569862624,0.016861274799657988,0.004162722858932899,0.007243881580316396,0.010331497633403639,0.005085149842285393,0.005800652216976858,0.008190029054631976,,0.019446384668624837,0.008874298178568028,0.020474696855170716,0.016016717936569846,0.002560133102120484,0.01526405098980797,0.03076913409558696,0.021666513925379084,0.005794507944163275,0.01473351319558025,,,,,,,,,,,,,,,,
2011-04-30,0.03600392410472554,0.02944834652999783,0.05406122166534807,0.038101331052382025,0.016725472435734953,0.031270144007962825,0.019988157214757756,0.007781028149580037,0.012808738747204316,0.0026269092020163357,0.00589229890297549,0.013053218035246185,0.004595613338432248,0.00295958076448957,0.008066888517652923,,0.018767474742277968,0.004891398706802158,0.01980135955397918,0.015981561774443067,0.002107090074020728,0.012056572332739306,0.0363922137530221,0.019841910773963002,0.006717034865083287,0.01893059997041519,,,,,,,,,,,,,,,,
2011-05-31,0.033608103753287204,0.02693522583361023,0.04914788851672047,0.03921180192567455,0.016155853467327983,0.03487282975576396,0.0270875025858248,0.010611314681892874,0.013827638459178239,0.0019260975850813637,0.0057845421135994,0.011407142399260418,0.0065060026706883715,0.00449409172450529,0.008442952470322266,,0.02074449572719472,0.007634126615231011,0.018937561179249,0.017102622047537822,0.0032461159579327452,0.015468364725717136,0.026395478662128796,0.02116550339387528,0.008030541605000201,0.015648060180966535,,,,,,,,,,,,,,,,
2011-06-30,0.028888447778387002,0.024981276537865287,0.04314729797835244,0.03899238706962968,0.009316380315563106,0.035354675095750396,0.026613382258211665,0.007951229803711761,0.013200011444183257,0.003981197164945691,0.004809040436646795,0.011945649841154229,0.004218727352600156,0.003235934303630991,0.006227819049503223,,0.01879094933709577,0.003878137345725797,0.020179370702527278,0.010322165343020528,0.0017585654654484774,0.014695888580212622,0.027758383206178284,0.018396118019199822,0.005868437765644744,0.015090818335176621,,,,,,,,,,,,,,,,
2011-07-31,0.030864545808574898,0.02559856792144766,0.04334085942996551,0.04515566766759167,0.010895907903585834,0.03762972264937473,0.0157176707200109,0.007979238623378975,0.01283487537633361,0.0036218449674076283,0.005290457277072249,0.011798356093246221,0.00401033861326616,0.0043562451415909,0.009094258967171205,,0.01946169970046931,0.006617385052663438,0.02161220458142828,0.006700744368111062,0.0021969535985336837,0.012652904043048266,0.024962665265224657,0.023142264996960166,0.006884430686417873,0.018773785490510054,,,,,,,,,,,,,,,,
2011-08-31,0.03020167633324786,0.02534807947189915,0.04197436633414762,0.048091848048812745,0.01278771433993158,0.03488317180112889,0.021566466850515977,0.00792486680195694,0.01443656067294143,0.001540910427590395,0.005430008868670286,0.012404840367748467,0.0048408177778811925,0.003527905341470459,0.012976228041220728,,0.021934179629890048,0.006341335509536614,0.018022868727959662,0.008252993445609043,0.002203592967527537,0.013551599671588595,0.03200636279189392,0.018796410504032798,0.0056800775694364385,0.02321379513761218,,,,,,,,,,,,,,,,
2011-09-30,0.030967385900411627,0.025174684371247105,0.03832508747444844,0.0449376958659884,0.018210887562752902,0.03338581002539559,0.019978729953703898,0.010234264616599565,0.013981420034592991,0.002070731959727699,0.005234226374197816,0.0095937714615198,0.004426874114494412,0.0029540260708903155,0.009396936499124731,,0.021421970221824335,0.007477941508301874,0.019466016947125745,0.005553510573815137,0.0049224069446889025,0.015936185925220003,0.026303333545119687,0.019276981149948025,0.004939655572362981,0.014034286948802939,,,,,,,,,,,,,,,,
2011-10-31,0.030586035702422926,0.02538434605378856,0.03911221657923728,0.05216281540160865,0.017217833316110962,0.03784428566816631,0.0224311207105295,0.01073283933616572,0.012099749126924504,0.003572052495766237,0.0055741567022719865,0.007829119465238692,0.0047845295806387125,0.0038802346633311094,0.011576399737766179,,0.02204055547128372,0.010421709125049281,0.0164206929860176,0.005969130565289261,0.004948830790713128,0.016242015416419002,0.028914968306973047,0.01695625644015594,0.004481989855281266,0.01673500705878847,,,,,,,,,,,,,,,,
2011-11-30,0.028293044844311988,0.025598436657868547,0.04005018598791256,0.03577624064505048,0.020981454956244577,0.03231220825175309,0.019586965329657757,0.010513100916827643,0.011546712309535264,0.002776445162382485,0.007230223134927143,0.008893885403132002,0.005550823958799793,0.0030904590168880468,0.008798226660694798,,0.019485492965614776,0.008762314271258771,0.01574146607949394,0.010046625364904862,0.006724974281361296,0.017549414375448887,0.03152289886315888,0.020107746608378253,0.004540913311246794,0.017143943501800474,,,,,,,,,,,,,,,,
2011-12-31,0.024620690635467863,0.021868191500373987,0.0378593241960988,0.01897395986610982,0.015722659962732786,0.02614340486646478,0.018262724839968363,0.006647217189663386,0.01146414757066749,0.0017791962724926095,0.005740398768567757,0.006811361152357926,0.0024272973738410377,0.002121841486612952,0.0035010092532434013,,0.01787180690819795,0.007020577875529238,0.012546407853066707,0.007377986608122218,0.002011721584669352,0.00978712417869704,0.02748275600421323,0.015036643196961389,0.001497925756423924,0.01913689447033699,,,,,,,,,,,,,,,,
2012-01-31,0.02968827229390019,0.022161556734752095,0.03866988956679073,0.02646206730537696,0.013302084866568406,0.02713102800367388,0.017046386255418006,0.0066578819383706885,0.010880503957228107,0.0031733575626125975,0.005337379293887554,0.009217066237794839,0.0025775246004359903,0.0027123721595404917,0.017910131190430372,,0.027094576406308,0.006751034921031338,0.013309791328063762,0.009537286493182447,0.0014059160843152092,0.008445877273755776,0.02888054774360323,0.01977845637013058,0.0019210851916048085,0.019362194888916755,,,,,,,,,,,,,,,,
2012-02-29,0.03364189427203011,0.026361278424493602,0.04136085750053982,0.03638596575105927,0.008776374456474162,0.03624278395638774,0.0193753238963703,0.008970175717536373,0.0115879372024561,0.0036275833864591427,0.0066981925560095044,0.01062179953120591,0.005454675238188924,0.004817877349114408,0.017103283922730066,,0.025463595389920095,0.009745377538279544,0.018587077871890463,0.01738981107653066,0.0032828411353020386,0.011487436446728309,0.04714779404070231,0.022681986382708578,0.004053288941889678,0.01732801133041471,,,,,,,,,,,,,,,,
2012-03-31,0.03311852523913619,0.025985214856490343,0.040705833886832014,0.03466275512358073,0.010322363901356576,0.033054734334879224,0.022411298679700965,0.009846225370444642,0.012776075186533429,0.0036928604721719453,0.004366597400796258,0.009783873080218032,0.00545434159656516,0.004984651455057106,0.008708959065700047,,0.0249007036862834,0.006971847888381631,0.014208436743064982,0.012758924760750598,0.006796206079176597,0.012943792274520487,0.03665224924395954,0.015370138208704354,0.0019721077752614035,0.02358843337773824,,,,,,,,,,,,,,,,
2012-04-30,0.033163400351416086,0.025789097270840555,0.040502575785711085,0.024783012973462276,0.008873171933219525,0.03179194495267148,0.02415406172066946,0.009980856180133167,0.012924883090460748,0.0025710967868464566,0.005466065990414178,0.013243265575973747,0.004724080321346304,0.005193447386152324,0.01162578099607099,,0.02791723066787065,0.006867180937373012,0.015492946291420598,0.008986992273926948,0.006878771238020033,0.009744993656864851,0.04114410079267829,0.019894568394176845,0.0023499701978144504,0.023692152135154132,,,,,,,,,,,,,,,,
2012-05-31,0.03124894812006556,0.024703317109667194,0.04287253419989138,0.025982244625944853,0.008653601454166378,0.036488849341760755,0.024837050450311,0.011795278189540693,0.014710108690422701,0.004377942218871454,0.006060452795850519,0.01048732737072512,0.008181478179517995,0.002857321181203312,0.006533748485302068,,0.02641452294483568,0.00808950706649293,0.017091825544555506,0.01185080642261904,0.007203731818220192,0.01153159671523161,0.03823067289411301,0.01866427111427224,0.002424165195543506,0.019257652050368817,,,,,,,,,,,,,,,,
2012-06-30,0.027150408538425343,0.025851607709215574,0.03837037244022907,0.02199566425855181,0.023831595340535243,0.029917663780449816,0.019479317540421825,0.008185214266482518,0.012086071198142907,0.004509028425560472,0.0038851069450084744,0.013877566398293172,0.007228848867458403,0.0023299922908970295,0.005973348506914194,,0.028735166490162185,0.010941080171819866,0.014262364921269217,0.008893030134395515,0.007133742261622113,0.007889632139337938,0.03274180387309772,0.017176813596055378,0.0013327143538395033,0.02098669447001526,,,,,,,,,,,,,,,,
2012-07-31,0.03137000298334279,0.02276073350401823,0.03938394605202222,0.022849328978493687,0.013478692133226248,0.029024922717009807,0.018409626322813993,0.007792882689241889,0.012848474104131194,0.003940571221949107,0.004283726265434376,0.012430422558096583,0.008407125663868614,0.0017818090733390357,0.011346203055697125,,0.029139311035440367,0.010519640113178507,0.013958915902247388,0.012093708713008302,0.004686424450276704,0.00547929786791784,0.03598760744318626,0.0196231904315039,0.005075386977850521,0.017651619265176145,,,,,,,,,,,,,,,,
2012-08-31,0.030087686391734002,0.021660024979141556,0.03649248424877844,0.028744772838747185,0.020829704826542908,0.028922790184185705,0.023869530060555838,0.011086483119575673,0.012535091353294744,0.004271593424247366,0.004412925110377777,0.013513383521461522,0.008165270351100751,0.004423130264661069,0.012767658072863562,,0.026931699936577992,0.009927838587995837,0.01433908780886518,0.00989554262112718,0.005853818120222518,0.007072258013506615,0.036960590560332005,0.013134331924221412,0.0056980114616122365,0.018749822428823126,,,,,,,,,,,,,,,,
2012-09-30,0.0323424094999399,0.024068387105752265,0.03873007027695694,0.03209409369942737,0.01686867949430347,0.03184849113118412,0.018640062367686956,0.007916407706077048,0.01219571288223701,0.002650661118494506,0.00423466768014767,0.012651367142577669,0.010840296984902745,0.00419761502792351,0.007192412370679844,,0.027525618228613654,0.011146200439937345,0.01322814488616997,0.008304003830508501,0.003662617205451806,0.007752542242851171,0.03351979768460865,0.014400206186042895,0.004901075760839746,0.02116830192366015,,,,,,,,,,,,,,,,
2012-10-31,0.03465000118993087,0.02209139739758873,0.03781265999339216,0.03373095510832817,0.01860362098985135,0.02910206218124768,0.01849205926682113,0.00931918919138919,0.011918682373098314,0.002644688730643333,0.004805562206085525,0.00796062105641735,0.009501916291482296,0.006478847684155243,0.0067573115975059295,,0.02568934204291958,0.01004267266965394,0.01503788760716409,0.006473338430152264,0.0037313885242795425,0.007911321280903516,0.03708420957055869,0.015207829780188933,0.004681688287654879,0.02400029359609457,0.020253114454440745,,,,,,,,,,,,,,,
2012-11-30,0.036398028410050055,0.020958253450369398,0.04069106066752103,0.02754379272127678,0.019979506804450865,0.02635400934440943,0.022714063465641147,0.0045876855242392815,0.012705306627262125,0.003309598274586395,0.008808635629451136,0.008231355297316173,0.011866551672374666,0.003762922947295404,0.012939881439086644,,0.024297962679815686,0.009656663892146271,0.013025687015647332,0.010185331970091246,0.004762575388762192,0.009338165834588614,0.042366455701032736,0.01376093978400121,0.0067471176083535155,0.01917691990204674,0.030155337939393654,,,,,,,,,,,,,,,
2012-12-31,0.02618307570012289,0.0206183392114607,0.03168215728736458,0.015618224037373837,0.02283238655979794,0.023242658183478072,0.017859139998693825,0.006496349060210458,0.01274799392099072,0.003313629455168251,0.006588079371735031,0.0076846826333165415,0.008850508587625231,0.0032885822911823685,0.0027267123893351015,,0.023276382677474262,0.008799127568944024,0.01205222026356193,0.01008177301476275,0.004863146254776698,0.004823482030682746,0.03526332415219807,0.009559312666939742,0.00557078647444779,0.020075119072812963,0.022535847136053416,,,,,,,,,,,,,,,
2013-01-31,0.03819344877264285,0.020340586670516605,0.030281293872131337,0.02420086246624915,0.016494813135131063,0.02259380111345078,0.017931746382423414,0.00845040264696207,0.012167673839122775,0.004580020228917828,0.007912711986721183,0.009770198944735775,0.008591882365736964,0.008341819311977073,0.010483236622688784,,0.02550570260490611,0.011916656765529623,0.01287965081521128,0.011859577075069292,0.006246800236569599,0.003981206725245467,0.03174773257323178,0.012836943490962201,0.005935988427073094,0.018227141280701083,0.02951020339895793,,,,,,,,,,,,,,,
2013-02-28,0.04231766475074621,0.021502966669854844,0.03815427057973982,0.03842969443158803,0.02534012355618957,0.029554510590505935,0.023601826423060107,0.011807382197852621,0.013229433277494722,0.004406184065686785,0.004520232252096397,0.008735510458925923,0.013117805130465942,0.009629348449081568,0.01241353014658958,,0.027883251769873364,0.012949684413850977,0.015589598932333469,0.014490328924260732,0.004771780880803691,0.011986098711716239,0.044681666300978654,0.015142510004554799,0.0048751947182949775,0.02822079209695341,0.02801176407285507,,,,,,,,,,,,,,,
2013-03-31,0.04151598865805368,0.02094727685065559,0.0377181913878301,0.026716917293783157,0.014299995659347102,0.031130079031056464,0.01812906950993955,0.006921267091648203,0.014291407360601534,0.004122219366319525,0.0036484408295510465,0.00812525016196171,0.01082155400646067,0.008489616638452942,0.01297383412806022,,0.02406656965063775,0.010826303966562206,0.013776165621328777,0.021485257616188597,0.005656108213962926,0.011282193742955285,0.037008605845658446,0.016887954203992007,0.005313539079544882,0.02572887278974257,0.03863537595380806,,,,,,,,,,,,,,,
2013-04-30,0.03605804403548589,0.023415718978315608,0.03940818749338782,0.031530098358813444,0.01460989658914238,0.029113132359097085,0.017019624250715806,0.006186554664038448,0.012795810098585391,0.0024233998077491325,0.0038013534746993032,0.007719230609098485,0.011966528002772613,0.008167797822747723,0.005650171816873618,,0.028628383078750017,0.01084406199086926,0.012921504741382537,0.023903561836497115,0.007941045428366843,0.011072531715825458,0.03680549025314089,0.013141814245863187,0.006659430781093198,0.022569012665082582,0.04414369418912249,,,,,,,,,,,,,,,
2013-05-31,0.03299853800501812,0.019341167101980073,0.04415435531323642,0.027237203422366116,0.026949106743094222,0.02886873259198168,0.023984485148181807,0.008371205685004783,0.009228977522633745,0.002743702811914736,0.005441138849998955,0.007770435448043469,0.015785952868466815,0.009617519350356448,0.005595293551247578,,0.02983534218214745,0.011841124540902932,0.016020059761250812,0.018655057266653906,0.00749659676046924,0.012552381719391,0.033747472749105015,0.0120859945854807,0.006063189073639212,0.021451080583619893,0.03300686571569364,,,,,,,,,,,,,,,
2013-06-30,0.0295204385608361,0.018737649876683665,0.031205499247752462,0.026155855550231432,0.011953856340243206,0.03145563817355002,0.02115251388830781,0.007142740016339034,0.011025936593714236,0.0034323643914803293,0.004955348280857419,0.00789806945331091,0.019932649820691702,0.0026150008150973587,0.006655556681056067,,0.03034733349427384,0.010647197179523508,0.014351772788734783,0.015378427834264375,0.005317595917500101,0.009990541961967692,0.031826542832041185,0.011059343254780175,0.0058664550311414735,0.02432489440510917,0.03308609185473832,,,,,,,,,,,,,,,
2013-07-31,0.030758296493983598,0.01842786584826032,0.029149434147213174,0.027038965801987544,0.014944659295142848,0.026852452574941506,0.01785890699390761,0.006634739894214579,0.01001358684494246,0.0029090735582398644,0.007988763024400224,0.007584477606305463,0.020691282167552907,0.003959343823139231,0.014247860335882899,,0.025737809021283194,0.007633778134683384,0.015190715037666393,0.01793086474106011,0.005093100291142848,0.010023771561102023,0.030402727992636786,0.010962499868196585,0.00524032079126611,0.021023615862711547,0.03615537075012062,,,,,,,,,,,,,,,
2013-08-31,0.03129004667963925,0.016597160955438908,0.031031969440525546,0.0332465720200533,0.022023544006879437,0.02755393008119888,0.020676256404973167,0.010130812692748724,0.009826587929329202,0.003876630241005842,0.009324725330682081,0.009487196956712879,0.014078942970881112,0.0053982965893130275,0.007910686259310512,,0.0312905915297593,0.01106561801069826,0.013314260951410115,0.016987130422872407,0.006076717833373415,0.010793451468465423,0.035513802205213885,0.013625485352711884,0.005417926961791228,0.02538747027163135,0.03831500692530245,,,,,,,,,,,,,,,
2013-09-30,0.032686124881102965,0.01851692630558864,0.030698751418445774,0.02469152462872482,0.03842080800373397,0.027713118462948952,0.022913069344221253,0.008517058023603414,0.010003566378388557,0.0040832389234716155,0.004944378157417102,0.008229637398290766,0.011795806511332694,0.004772647359815958,0.007495822022004371,,0.04024871047740085,0.01075642739655261,0.01613078202052349,0.018922850497769473,0.005483013577598486,0.013531865974554464,0.031018128042531713,0.010850650950243741,0.004722356852020992,0.027810124543693967,0.04383277710352004,,,,,,,,,,,,,,,
2013-10-31,0.0313292140808953,0.01671346474127526,0.03462344783816742,0.03402966355591325,0.01811421133710768,0.0218963225067317,0.02381872696279111,0.007136569783367388,0.013032644724057041,0.002339956878591512,0.00800114193226026,0.008589030562974867,0.013806764368576785,0.004604896353215798,0.00988123589094297,,0.03777130228169628,0.009821383031239474,0.015268798761034635,0.014159149684238793,0.005149812543760959,0.008505742804673627,0.03252394873040179,0.010434288627798344,0.004735725035761129,0.02542122888067342,0.028704699580213735,,,,,,,,,,,,,,,
2013-11-30,0.03328299353596839,0.019429216311228306,0.03217735592319708,0.0414494703605219,0.0152203478560937,0.024446712404352543,0.02343644230182759,0.007328955981231392,0.014434906646688951,0.003003064074733633,0.008941442061985464,0.010055163135932531,0.00964057126766884,0.0038433367121213724,0.0054260411489313425,,0.04670130845990135,0.006599417305686161,0.015370076303168024,0.02061499885448587,0.0058765636409325375,0.009049158612467474,0.03654828921106415,0.011958344914105532,0.0049236353030270895,0.021017068280140782,0.027994126735757643,,,,,,,,,,,,,,,
2013-12-31,0.023621247290433127,0.016353063432837527,0.028059127508251083,0.023380355590660984,0.015291793442566407,0.016300324996806448,0.0213215488311024,0.007108860770872541,0.014116367336973147,0.0015440698736928398,0.00838520916203268,0.0074471654258431216,0.009492766733709428,0.0025271027505463627,0.0019198888406368058,,0.03108873310818694,0.006640338191839795,0.014274704823640506,0.014640873634926119,0.005725416200881685,0.004629362148769676,0.021311261971921753,0.008622508729249637,0.0036324729961659985,0.021134777734213125,0.029879636457716838,,,,,,,,,,,,,,,
2014-01-31,0.024561630780030062,0.017605100775228373,0.02818707810632006,0.044229284904808826,0.021646429230494833,0.017318513706764325,0.020793114262343704,0.006081367222543989,0.016363417365723026,0.0019522625036621274,0.00749041947059245,0.007880064234175364,0.009450850579999897,0.0013677367517960198,0.005696096689752309,,0.03639235121329357,0.009736090603986216,0.011548644643674225,0.014431310347838606,0.0035492728441124813,0.005127182105102517,0.021198301628100033,0.010330228864321254,0.0037269581363776425,0.025065560920894597,0.02381689998219741,,,,,,,,,,,,,,,
2014-02-28,0.026742401433023335,0.0194367477855922,0.040783649484576,0.055289859888995777,0.019753921241654645,0.025603717730118332,0.027784944660817545,0.00981755100838072,0.019965489442083713,0.0034763565211851986,0.01247059942544166,0.017982044536573597,0.013752004071289174,0.0029742692729467016,0.007802973249581383,,0.041914307050139446,0.008824996687933979,0.01388634721915584,0.018820427298336193,0.0065317270934755235,0.01056011235153295,0.042868340333733816,0.013863996487636239,0.007321513788214937,0.02800373583990631,0.037912680625082566,,,,,,,,,,,,,,,
2014-03-31,0.03129279252955339,0.01895687319013809,0.03859300023481433,0.041867840414315426,0.0299528502445775,0.026376369610273464,0.028480152433612235,0.010344415363805913,0.019823428342010483,0.0025998008379216225,0.011061536489789539,0.011634129926651615,0.014488534818431442,0.003125779277133463,0.007286034225546175,,0.044794730201033806,0.007299413129058894,0.016857394732159962,0.02489719476435554,0.006642489036414111,0.01611863064227403,0.03653530651386048,0.011712963920050369,0.00788955357729381,0.025650209454060668,0.032310239667792603,,,,,,,,,,,,,,,
2014-04-30,0.026468103466868016,0.019575028751983282,0.02697422275001123,0.03620415123549015,0.020628123116130596,0.0283425224869327,0.02523329334340258,0.0104545415243424,0.015644456571312127,0.005020619052047145,0.007314313747685128,0.008297910368786637,0.01150476841262629,0.0034953837079461122,0.009027175972393723,,0.05240099085159808,0.00904646320953622,0.01615288105283111,0.024928790997421228,0.006741327139031282,0.01038941214514391,0.027419276571620667,0.011792870662417231,0.0087609507362421,0.027235294872925177,0.03067335389359585,,,,,,,,,,,,,,,
2014-05-31,0.025148770986326317,0.019273204965021114,0.02857788264957369,0.044841273669368686,0.01703635282058494,0.030035171666960597,0.025006894079342163,0.009329811543737021,0.01655820272355056,0.0028148488683259407,0.006772934403004784,0.016488659099653916,0.01230843103617469,0.0060936421184672705,0.006707319834917433,,0.040521392085342264,0.009533656675789157,0.014618675352070603,0.021020951215505186,0.00780193992496318,0.008811946615739832,0.03098735091690104,0.011804602399499887,0.007390152759842348,0.025178164366248215,0.040536253365332675,,,,,,,,,,,,,,,
2014-06-30,0.02141234165125617,0.017901276945612884,0.03408764203753223,0.03643201739807033,0.013932731161441262,0.024378795692124824,0.023633209480049447,0.007360842615133262,0.01826815756875189,0.004397576987996192,0.005910363739871645,0.01051477409760493,0.009860992254736571,0.002982976940481852,0.0027756431403795963,,0.04510919762777301,0.010540018234337836,0.016201411831846844,0.019908294943417813,0.007787778133372308,0.007512370497544511,0.0315044618224364,0.012168888887328928,0.0080344930847012,0.0265543420360758,0.036034334620981295,,,,,,,,,,,,,,,
2014-07-31,0.02036571985117285,0.02073970177241512,0.02964158823172897,0.04181377575622118,0.019466457914625934,0.026447682298286146,0.023637203736519702,0.0075282030959734035,0.01996885616771811,0.003271134706945012,0.0061762762989373485,0.00974503848414713,0.010928147937443101,0.002180605636278139,0.003501920318701674,,0.03974274161683822,0.011742635447652056,0.019411562554255482,0.019171982587075063,0.005996370231248619,0.006842856042593452,0.02527930885481364,0.014446122636007903,0.01112610294572641,0.025904637205650966,0.031006653271853965,,,,,,,,,,,,,,,
2014-08-31,0.023352517800036367,0.021342667770901266,0.03185630113713279,0.04064483902900861,0.04118991969987657,0.02608444158066098,0.02819819738851247,0.010121250129756771,0.021860649185665403,0.002050301443565821,0.00858886074785487,0.01494209540668461,0.014579796458127672,0.002562033693573843,0.011835784550486467,,0.0387152171322101,0.009732328517186339,0.01435588965484096,0.021770045818483272,0.0053320858345530546,0.011500732308266405,0.03020874966140061,0.011849249097487354,0.007206018681546037,0.02550922772582637,0.04097641978730361,,,,,,,,,,,,,,,
2014-09-30,0.025354167880983054,0.021086949929253935,0.028927489890184212,0.03976232429886121,0.03847172483481248,0.027867146325665147,0.027505126055155527,0.010601178583162061,0.021124203095235532,0.004290702254108965,0.006569173478311037,0.015494596025035426,0.010928616398496021,0.0024369475523496886,0.005152653020829801,,0.040048873053894554,0.01563840936786028,0.013783607340322817,0.033942388056732865,0.00458409048441199,0.007851588684372218,0.02833776863091775,0.009086042450882537,0.01060374994225986,0.030799847790440794,0.039318844177153624,,,,,,,,,,,,,,,
2014-10-31,0.025630970921433734,0.01992254265507923,0.03177206532514467,0.042448807052136155,0.01974722468348464,0.027263052574058092,0.024031991644422882,0.009820905731440585,0.022228378769984288,0.00408060745842697,0.0036625590232575752,0.015365476819158681,0.008643080432977228,0.004640513389042778,0.006067969509147318,,0.03616511335254444,0.010245037596916553,0.014956051023137781,0.023228554771778886,0.00510977849059807,0.005988804941670403,0.030980972566405106,0.01378036792274922,0.00817323584074387,0.02385936074368346,0.035265417831889946,,,,,,,,,,,,,,,
2014-11-30,0.02660610648759657,0.019992436281622377,0.0397607974903463,0.036962481062115186,0.026819310140222544,0.02316757506729172,0.026209556303930674,0.008754438112908146,0.02167865779198341,0.004143512898801336,0.007381763940976417,0.009448587143275065,0.010891320793523175,0.005326613991564782,0.004748667216269392,,0.038624409815820056,0.011633622497807361,0.015226758813448907,0.026220979204185528,0.0047369116557101935,0.008949939869761791,0.027444369487693285,0.011817788340460333,0.007927361089618327,0.028298135587422616,0.04402891334639532,,,,,,,,,,,,,,,
2014-12-31,0.01969375009513038,0.02008685432358691,0.030053021080187398,0.03072062992222868,0.02811487962530556,0.021529804251760654,0.017466438410568715,0.01045609886517845,0.022327570932823317,0.003557648763845843,0.007442257887687934,0.007719375708032398,0.008722068955950318,0.0063134616016576025,0.001268540917215261,,0.033046207314490546,0.012585978650862766,0.009790431833477147,0.01760993180028574,0.004126448836749439,0.006262325538265164,0.0220950354919354,0.011531588456530531,0.00717674183455519,0.025099864384437516,0.03135798602687653,,,,,,,,,,,,,,,
2015-01-31,0.019474639593307926,0.016699600951632424,0.0277964138729361,0.04928713703842562,0.015748046972355812,0.020350564548668727,0.01947223751074654,0.007777495679811674,0.023069457440393598,0.0031836815492397178,0.00622889961171736,0.00772922215148286,0.008733032806488596,0.006190551551068174,0.005908613731100606,,0.043175592173598766,0.012723402442102488,0.010244891263767682,0.01636479804335811,0.004514639360175897,0.005005473977214267,0.023190340217450707,0.010776156113003187,0.007458447989936042,0.029835105743667618,0.026880401707497635,,,,,,,,,,,,,,,
2015-02-28,0.027021403250118748,0.02319417314824029,0.03780664721829992,0.041705630646121136,0.02970665025586983,0.023324182965050542,0.02662539018380983,0.013410521187710956,0.025746030873758406,0.003506674487159138,0.006919705919622254,0.00980952648744289,0.014168796092593196,0.007025691916428729,0.015653696435871726,,0.04510395292272105,0.016961173071937223,0.01384833599969811,0.026583467801339952,0.005407904942321218,0.010664469032169801,0.034334375055794855,0.015473701048115367,0.008618191234953495,0.02956631881717616,0.04076314274961397,,,,,,,,,,,,,,,
2015-03-31,0.026007921580699613,0.019650216880077936,0.041386941034153475,0.04004193927942743,0.03639095583651403,0.02938962330227951,0.03641046016033327,0.01415365148495965,0.025781049415636415,0.004511415473883464,0.009700757871355084,0.009859310497613159,0.012687186979566122,0.01042665103539925,0.005066089985627392,,0.04743076298245994,0.01547007220855342,0.013570717257316949,0.02843731366033389,0.00585822908572488,0.007001233535480184,0.027548241954932697,0.014296575388460086,0.010200346801523184,0.027819637005736014,0.04224007294672329,,,,,,,,,,,,,,,
2015-04-30,0.02440285380185019,0.01955764273515333,0.043403516502460035,0.03454237252880085,0.03145334097423377,0.03038853573577326,0.03605919118521109,0.011092698263300386,0.027031786978172608,0.0033498397919884855,0.005335482544097411,0.010202604980763386,0.013997097325625535,0.007353611608889692,0.002817210158358031,,0.04503637084843832,0.016678023311188082,0.011548997291749331,0.03030997636228648,0.005279285839693785,0.007173875544586233,0.02310586646548661,0.013042789053245926,0.010930423651607313,0.02421964795008164,0.036663749315841154,,,,,,,,,,,,,,,
2015-05-31,0.02468461943799487,0.02050677454770213,0.0424352253565315,0.04659704952473635,0.02872788342956685,0.03296021933107754,0.03521339163288415,0.009320096091545008,0.028753819081220537,0.0029835430954868658,0.010100497921139422,0.008149001287343504,0.010999157619471392,0.0058029816071235776,0.003920793381554377,,0.044868387118470514,0.01671195925616384,0.01671058040533677,0.03533797153602639,0.005667657078540475,0.00675732765916037,0.027936990514848728,0.012558199090634927,0.010776982494508999,0.030592337451185666,0.039841506819767565,,,,,,,,,,,,,,,
2015-06-30,0.02061237317733526,0.02026068199442498,0.03277397866702174,0.03872324199515525,0.020598874055091247,0.031173391009534708,0.030347659112728485,0.00892430504925017,0.029337213229026205,0.0029351284295705757,0.005596387069587876,0.009322234575878574,0.011797234912850257,0.0044752585163601874,0.0017584340649020082,,0.04175242323232696,0.015635776494483115,0.014489882861401994,0.028617793042971684,0.0051105381443503,0.007946726129478533,0.029519141786507868,0.012853384799467744,0.014450995934746021,0.02309202513817154,0.035073576237039585,,,,,,,,,,,,,,,
2015-07-31,0.021816213306064713,0.020929537898339897,0.044679237755207775,0.04523543556461021,0.02430466375895433,0.0299614595907415,0.030916006794229914,0.010026084816804056,0.028885156716380436,0.003697563709862062,0.004808107974579888,0.009940221354663072,0.014237572313117983,0.004612653650133749,0.003864272797049641,,0.04431575857562291,0.013021391497085812,0.014462189305356216,0.02597180559572056,0.007277766072972576,0.0074632024572282235,0.02797990570602117,0.011566088501838394,0.013389169062955423,0.02692840473887627,0.03021802178898605,,,,,,,,,,,,,,,
2015-08-31,0.026207457606420126,0.021435365335419117,0.04182273925371954,0.038910666511427626,0.026142634370468563,0.031614518056830625,0.03415437756109918,0.012757179172175271,0.031021180047399274,0.005705306473329276,0.0029173989256723724,0.013704275777399752,0.020106211003046368,0.010300734730840373,0.004536829187807613,,0.03534267760005127,0.013438246941496557,0.014025601540590111,0.021458781335708655,0.006523402240784282,0.0075908747418529324,0.022758279160660453,0.012987730769396742,0.011238151875049042,0.024184173995583366,0.028341291313264474,,,,,,,,,,,,,,,
2015-09-30,0.025022964704979434,0.02278214355038306,0.04619984639700968,0.034455009918222985,0.01809562797872121,0.02849852118525854,0.03626164214941249,0.012158578923071437,0.03173380444390106,0.004927221876789314,0.004522874381351815,0.014543302120267124,0.017263049763153192,0.01491081323473873,0.003367261416057958,,0.032115161784704735,0.015258089105296947,0.01738539249811869,0.02535837224689786,0.005833573922906156,0.006794185985128124,0.024315527274906726,0.012340127701898523,0.010341824556701268,0.028283292212569946,0.02863140722780898,,,,,,,,,,,,,,,
2015-10-31,0.023247478745984627,0.02350732684590934,0.042748070341122914,0.03522767117195155,0.023269705493347937,0.02814710260326804,0.0377805569805686,0.01082122581333165,0.03218318994600053,0.005423608509032112,0.008692145805285188,0.013581437540822182,0.016595094461223894,0.008200085881952026,0.010966689939717153,,0.032811040072459254,0.016615475598222622,0.01636448642002994,0.024499300465094503,0.007098270990244076,0.00842355692462418,0.021470944322893943,0.010429984354697764,0.01023600425304766,0.025483954226606344,0.028693890570043908,,,,,,,,,,,,,,,
2015-11-30,0.02567797002697481,0.025606651065754937,0.033850753910572455,0.03943744472721353,0.022378397591265996,0.027474701459614795,0.04002426767677089,0.011546917197035957,0.031952679736698957,0.004235152085402254,0.0043446681887798376,0.012945552577100457,0.01294122511613927,0.007996483492487494,0.003116391773056491,,0.032191700140646,0.01836340650886918,0.016498098006850627,0.023597364029546618,0.006994451707219253,0.008123782771459923,0.023594633744674492,0.010912381803649382,0.012284740089208629,0.022079244372970167,0.02692052334374789,,,,,,,,,,,,,,,
2015-12-31,0.019420230165617516,0.021452244239332313,0.03354374597936182,0.023402403688970574,0.03510221240449895,0.02225456812557163,0.027454046078366642,0.008393089982791058,0.030676067252258195,0.003735044303473,0.004372818908144255,0.01148605953236631,0.00790693845798228,0.00521110703239895,0.0012091454333482499,,0.021221869555741825,0.012045504839194759,0.012250561120912076,0.01963475213812704,0.005378371656049345,0.006805959990062774,0.021189368966855984,0.008053624217845336,0.009252664459113486,0.022547944876639876,0.02895670714777476,,,,,,,,,,,,,,,
2016-01-31,0.020709519942568193,0.022235099941104595,0.03757934647149906,0.039912474492460076,0.04281422306772687,0.02416468344755518,0.03177105657866491,0.01095443150814412,0.030663769008208712,0.004158290981781881,0.0038334072610104837,0.016233351949593428,0.008948787986682007,0.005449723147120263,0.006424439553162114,,0.031614726179118556,0.011515518702814162,0.012535622415594954,0.016442302091706607,0.0057126851117710155,0.007871547736628877,0.021147690615860727,0.011151137857908796,0.009261553299867253,0.03063858754170207,0.02786390946589942,,,,,,,,,,,,,,,
2016-02-29,0.02973173399201078,0.027883539545828284,0.04956550821224898,0.05713224042047294,0.053077307796730956,0.026534168834765167,0.037508016569478955,0.013925522987376239,0.03249158422073538,0.00479811455906024,0.007246592757039924,0.02128540379241243,0.018261872529633683,0.00559523973391508,0.011505363375597513,,0.03666193744001767,0.011517903095413685,0.016054580543642838,0.03215928397269558,0.008658459645066192,0.011981712201900635,0.02962360825652392,0.017002015231939085,0.012769690973847928,0.0373745558378962,0.029224871569998954,,,,,,,,,,,,,,,
2016-03-31,0.02977764718390406,0.027494692072273064,0.056072732956812525,0.037018282672229,0.048752205612888344,0.02495592088095492,0.039401864245006496,0.012893790300474224,0.034834098206329676,0.007621606059953518,0.007178635477505944,0.01964190586061045,0.016639946241807837,0.010246193812096885,0.01291964099607247,,0.033753412544890116,0.011838395508139662,0.016122092041235696,0.026334241073965568,0.008199032411780766,0.00970705588600093,0.025235676204130118,0.01664051811270153,0.010814529168984408,0.048053153600990224,0.03072405603816209,0.008452295082766912,,,,,,,,,,,,,,
2016-04-30,0.02617262163298154,0.0309903669477281,0.05443050554006183,0.06423039734848782,0.04237388479872962,0.029605266252735234,0.03391726775309827,0.012019340341683112,0.039513410871145155,0.007272286903755258,0.0048347572038570305,0.02048004700460855,0.015036243152859877,0.012205821128410002,0.01249088384970852,,0.03497649790791359,0.011425036012840192,0.0175326866961191,0.02726879250631404,0.007410134288607188,0.011797687754053585,0.023773231514919092,0.0176097043125929,0.011201581654516868,0.03749825898216849,0.03365594585970081,0.008640718331891478,,,,,,,,,,,,,,
2016-05-31,0.02706078314800192,0.027856733832527684,0.06576648160692813,0.05202916633456007,0.03833331289074821,0.031365484367594024,0.03498638932592992,0.014391892758498025,0.03655820738663653,0.007415897850385213,0.01069370629655166,0.02503556623188483,0.018080250162857723,0.015054030241365866,0.013061801721719344,,0.030380197067447882,0.012681116264448636,0.01902473886961458,0.02563829772608054,0.008873404323749107,0.01457200164493014,0.024357090938257286,0.013412694305113021,0.012724573335896286,0.04096495417197047,0.029943648687226727,0.011929302745262107,,,,,,,,,,,,,,
2016-06-30,0.02230907082293705,0.02780235613957613,0.04630802786718958,0.047269472534695926,0.03424423098062762,0.028860331571766477,0.03417963315643083,0.014176058847181051,0.037120445440730315,0.005640643105684038,0.006421713125302029,0.01868043360903193,0.014864081092038307,0.007145129708741389,0.00851169618796487,,0.025286814031550222,0.012546846178403388,0.017870829630184333,0.024409071548715952,0.011276883897605892,0.013042517771791662,0.02520744520242554,0.009649702525743443,0.012285651396380685,0.032826077417470075,0.02929808967214921,0.007604985963603084,0.0117849455960868,,,,,,,,,,,,,
2016-07-31,0.022411194490014122,0.03130617697122965,0.04677622093067655,0.06573977675455925,0.03685087123748492,0.027381286269443767,0.040838109705055615,0.013524868712568057,0.038822346669954634,0.006487029662383541,0.010783619203023283,0.018648525040254257,0.015942770593783826,0.010730496572421772,0.002781951256413034,,0.027845285413722005,0.011140653876551044,0.016678386330313003,0.02515834229663864,0.009690315666013553,0.013592128707117394,0.02391138766558518,0.021346100263229396,0.010343195575409593,0.038077212686919305,0.028952767962465174,0.01068873583575619,0.010241601123468853,,,,,,,,,,,,,
2016-08-31,0.02562405548910041,0.032414173681828806,0.059593061050984886,0.06686519344150693,0.03262721859297326,0.029323145195415408,0.0358318262334619,0.01490841178474118,0.03851128987809299,0.007903368390134469,0.01319927411677237,0.02775071144181367,0.016398607858309898,0.008616002819672676,0.0028128901534383534,,0.039856271046475766,0.013688767955811717,0.0175155666809952,0.019135452810037243,0.013385140695390936,0.01258712338840663,0.023195585723470826,0.012700205172992411,0.01130198416897775,0.03372248745008294,0.033401120540542915,0.009556209197250835,0.009106810964281913,,,,,,,,,,,,,
2016-09-30,0.028529452270707918,0.032229833514272554,0.04660439414570831,0.04773529680310783,0.03774383488872169,0.028155020878575417,0.0337304873457729,0.01500210179976949,0.0366566806726268,0.007317776707658048,0.013110549716265367,0.01984147597495281,0.017114417976675657,0.016435953007105705,0.006682706193634541,,0.022872740936146232,0.012522815024426825,0.015751481573799696,0.019521374113275244,0.010595602836145496,0.01616166542946622,0.024604423943439688,0.011680934917746138,0.011237193827450549,0.03463812145099342,0.03648071715248752,0.010444243513385408,0.009895995578024942,,,,,,,,,,,,,
2016-10-31,0.028772234090514784,0.03384280264471428,0.055925938734930736,0.08982023703900652,0.04039619972817746,0.02597821684912646,0.03366829239876265,0.013544813279667972,0.03692105102395295,0.0072181615340049295,0.009034024690979026,0.024068173446434592,0.014588056802550934,0.018549202350568228,0.0035441197967496446,,0.027955801638487803,0.01666348314960113,0.013386433241009958,0.016524005522040797,0.011100180110990525,0.017080496555495525,0.025151143777327818,0.01092250821286625,0.011860470352576539,0.03478736318133976,0.03391717761230376,0.009774815046038905,0.010245189656141757,,,,,,,,,,,,,
2016-11-30,0.029641301771023032,0.03585185563729539,0.05936227888717002,0.058144909224709565,0.0401280587762362,0.024070309250590366,0.03585450253913355,0.013867084188709244,0.040584028734889865,0.006199980374434568,0.009564367529800109,0.03518433973177469,0.015537909040443344,0.010814557074352199,0.008823403246128556,,0.0265780827296659,0.018971783963157213,0.015552384794940253,0.024912045374473748,0.010875300959169156,0.015855390417260463,0.03228171720931617,0.012255178939057719,0.012806489327070701,0.035559440410271786,0.0343479441919044,0.008483957050060038,0.0111716676365341,,,,,,,,,,,,,
2016-12-31,0.02142422622355445,0.03220759276572968,0.04380877247939485,0.03116903878114944,0.03572573783198603,0.02188154819255896,0.0218183884128414,0.010356908273869616,0.03757442613475155,0.005577932812247916,0.010543202963691899,0.02363802123639609,0.013558939801128251,0.006220740625562654,0.0006618187226575549,,0.026741561308658,0.013133348705829481,0.010141924251230939,0.014564339556062,0.009717337081348981,0.012178750490284506,0.02793965591396122,0.010206525609085606,0.01132255490861337,0.0259174023261784,0.02731972990993305,0.007442488245438302,0.008761800784438778,,,,,,,,,,,,,
2017-01-31,0.02462826183845212,0.038021984588802675,0.056790062696104794,0.05874492489282773,0.03430537994927255,0.021860958690775822,0.02053094257026131,0.011699298291277138,0.03699975307563784,0.005068162911432742,0.008465729015869306,0.025536936031755976,0.015572136653394361,0.009026208584562477,0.006398128852649186,,0.028754061759036616,0.01587530156817755,0.008890784951284524,0.015191372208025735,0.009393076625504945,0.011073298283562096,0.02792029211919526,0.01129036008995638,0.011369336247445195,0.032462084054045534,0.027071222608895117,0.009020867166060029,0.011636595711143605,0.01872431618095406,0.0008862325248126876,,,,,,,,,,,
2017-02-28,0.03064420265513766,0.0351731550643156,0.07653670898372229,0.07353464437528752,0.057522630096217026,0.028861144423628887,0.023595333689370775,0.01567451753935157,0.037812190790552175,0.005773939119630477,0.014581218792627752,0.03759952973804455,0.021863949262677058,0.013045552234508507,0.027915813793802896,,0.02737119294394382,0.017876803918789028,0.012488720706700988,0.024043903793544662,0.011570697313667966,0.015322598404103485,0.03849975673915574,0.021368751601391872,0.012100811627805661,0.03691938293398457,0.036029963469749855,0.01119970681864834,0.011876847964957497,0.02247319205915743,0.0009495828712619445,,,,,,,,,,,
2017-03-31,0.027494346430605873,0.03531472293318663,0.05205825366757981,0.0837856631373738,0.04943701914360281,0.026029588771458577,0.026456673679390037,0.012474546360525232,0.03723521678984563,0.008238177112324883,0.012220201003759862,0.03760839985294964,0.01922225333049397,0.015513342731288949,0.01286657548326958,,0.02692783847657781,0.018994008874021903,0.015231223114495533,0.023922875099654267,0.01060633769876567,0.014934819724217206,0.03352400303248726,0.01457657557796695,0.01234528375265305,0.03782423433890718,0.03889727347034302,0.010561294587227857,0.01027384305775632,0.02387764815196218,0.00195381166550933,,,,,,,,,,,
2017-04-30,0.02901125872574813,0.035369826246477845,0.05218163434421466,0.11144008798866648,0.053422150231214834,0.02647343094087679,0.02596984089986679,0.012155881370497178,0.037311854106288615,0.006879681444107679,0.007743144518135695,0.04132707148168104,0.015964640396636795,0.012896151751697435,0.018199553970814027,,0.030620086823852415,0.018796367893635275,0.016038424717687124,0.020449941883012697,0.01008827128089668,0.013559882140099603,0.029284199996988176,0.013906025580452203,0.013607570676623056,0.04765421479671829,0.04256364870129636,0.01113437814808603,0.009852177930305262,0.025078393656750197,0.0017676379442649116,,,,,,,,,,,
2017-05-31,0.028015111885927705,0.035987745339157995,0.06430380968226813,0.08399167097669769,0.04961081019352313,0.0260847488980907,0.031557405984246514,0.012775980405008295,0.03843756588339592,0.006657567072724274,0.01534386409161885,0.04373057840286895,0.01746043073070583,0.010711854796526494,0.008303945344468539,,0.02785745124684209,0.020337681095216432,0.013558634694013718,0.015294653023574642,0.01250862449711603,0.012678506075447462,0.03038954682778105,0.013988776083304505,0.01450954258462471,0.03400364442128047,0.040595957222277226,0.01051664767067181,0.010877331867106156,0.024877523192554745,0.0015912387389666667,,,,,,,,,,,
2017-06-30,0.026787544003528337,0.035155570062072615,0.04256033608251613,0.10888071781358355,0.056805318604584536,0.02589452925774757,0.030718921663777758,0.012809293481594477,0.03754385682468468,0.006047360888454145,0.012500670466636369,0.04298530780856643,0.01737890678356924,0.014415550862428213,0.0051772919008226,,0.028603347331895197,0.02199646843059918,0.012194784269360362,0.019837400272313878,0.009703527788016862,0.01290017468134494,0.02984739674826533,0.012664679400661185,0.015352489312983877,0.03194087992955805,0.03378075625120174,0.010758659952234472,0.009764205567122437,0.019339555716438857,0.0015728180923569534,,,,,,,,,,,
2017-07-31,0.029369044641439183,0.03707724069472513,0.05467293649982049,0.11074314111801728,0.061092001068514645,0.030062070371119357,0.03062100328197715,0.015762632703830753,0.037282674136254336,0.007851139586936303,0.01026560920181392,0.04311895247291573,0.01840352328964955,0.01935195480591165,0.006862286625317273,,0.026708417631002564,0.023041099310723446,0.014932905366136747,0.01752457103728083,0.010099464348672706,0.01632852977709818,0.032728953341613694,0.013603566843619777,0.014099509292327955,0.03458326309670905,0.03478981674215195,0.010415891889544922,0.010809322411828413,0.021437873318527496,0.0015674904970394703,,,,,,,,,,,
2017-08-31,0.028895017536851756,0.04014099647246608,0.05505617042886422,0.09319526682015188,0.05971577230589073,0.03034782573820842,0.027127530224922477,0.01459736942396021,0.03908844682188594,0.007328391774931168,0.01209258304097221,0.043935959040267966,0.018572884515197178,0.00935595433974481,0.007345341646457159,,0.031216019674106223,0.01878433240370849,0.01454658719407139,0.016510919214677355,0.012241811494248099,0.015722030165325238,0.030697531964460244,0.014520003715717539,0.01274262055061345,0.03288966986416289,0.03324410865925443,0.009170676484575545,0.010608274431430852,0.022191850885614997,0.0023185890630715426,,,,,,,,,,,
2017-09-30,0.029408406505873383,0.03817168774638262,0.06195252763906931,0.09285622291256908,0.05734379388444746,0.02790819633702065,0.03384967549043735,0.013888956038858709,0.039460478834242065,0.008338936777063662,0.00899248444859131,0.0383448871996465,0.013676801070632795,0.006878963197602344,0.010379500593096974,,0.028970679860911275,0.01801565968250647,0.01479744829630419,0.014067888592492724,0.011850960851884012,0.01480342594796735,0.03467264533195605,0.013302425362543745,0.013029510253943404,0.025524321230549082,0.03395729238865403,0.00931386457284986,0.010469658809078868,0.019866086495391056,0.0012840261141164918,,,,,,,,,,,
2017-10-31,0.02924761872208456,0.03875616825814941,0.058334065427521925,0.09179882027980454,0.056581382361092246,0.033691305403958365,0.03291885143137736,0.01391327830382408,0.040335570896139865,0.010555532536773127,0.01093663201326182,0.04344055700165357,0.018020904166740525,0.01093835483661251,0.009069879309434248,,0.03898574602507915,0.02191164716551833,0.015645392980562826,0.014033031579213767,0.011627750106255661,0.01551594602359511,0.03615404201001763,0.015460228197934361,0.013766756243880558,0.031118324904485125,0.03667520843005551,0.011319968113427616,0.016058999609404243,0.022563701003631916,0.0012485950427766827,,,,,,,,,,,
2017-11-30,0.029408271630096433,0.04063973072477312,0.05744422557911129,0.11727758124894823,0.055804877419797075,0.034507948043153706,0.033254196219381645,0.015433961954318343,0.04297870545344968,0.011231160420090017,0.008348138351617218,0.04321126820363586,0.019651603875921745,0.006857029646338812,0.005853602026506744,,0.03712451407105459,0.022662735127540128,0.015062965501667313,0.012504030708675612,0.008515593806173252,0.015741645208311464,0.03476557812405052,0.024072538528923656,0.013590344318035623,0.028499890902143554,0.036236963247081325,0.011158549450259857,0.013134027289898912,0.025958898631862747,0.0015278736990824208,,,,,,,,,,,
2017-12-31,0.025880946387062512,0.03941222273498244,0.05998074777596881,0.0459238077214265,0.044550964519664706,0.023154947166649127,0.027348333848065,0.013596890057519892,0.04105150775791667,0.008546274673239535,0.011473035497669886,0.035789329488611354,0.012852692254830163,0.0063702743079987615,0.000933816114802818,,0.02952610353003268,0.01991253943044788,0.011317815400062952,0.01039834767694988,0.008347733123720754,0.014635429268748494,0.029714421814399317,0.007866957345761625,0.013021175498255247,0.025827865800148685,0.03405815296727894,0.010001238982463632,0.008070373316603902,0.019247738772962885,0.0008434934371530522,,,,,,,,,,,
2018-01-31,0.026290489142818473,0.03938903842933594,0.06830920241226021,0.047946676383408195,0.049618186864016985,0.03346525583063566,0.02836622939932802,0.014740383842684756,0.042220817252027025,0.007645034514923475,0.008528479645900724,0.03628206192659358,0.013763132528861428,0.004321869871961786,0.010301161187091942,,0.03032796631783449,0.018896693774969803,0.01206138575962992,0.010718918959506479,0.008873816892864145,0.014534167749730164,0.029049003556752835,0.009950282113688676,0.01281154654875903,0.029460701073335753,0.03286843165956441,0.009539427956085615,0.014370023267972896,0.020214458883029907,0.0008445395670001826,,,,,,,,,,,
2018-02-28,0.029507006915882317,0.05071117702125089,0.06974987524646686,0.09626070164010476,0.0494399062240618,0.03922784181168855,0.041043555363752066,0.01778908998182191,0.04351359671419011,0.011562496095195697,0.013279879754736415,0.04777071985799448,0.01845928881644649,0.01583114150847172,0.022970982917032954,,0.02830020703997496,0.0211882421780572,0.019757698827986923,0.012568599533003133,0.009230603173580477,0.01420516039216389,0.040356323353102456,0.02715523848643689,0.014872387986511923,0.04636335359842612,0.04135327721135308,0.010609280139771247,0.019402002470167257,0.024847194005251448,0.0008547197739437363,,,,,,,,,,,
2018-03-31,0.029305675543428118,0.04264137475678966,0.05600850474622915,0.1134131434702266,0.051269158648630284,0.03930769793125834,0.04544125964275262,0.014083298538179929,0.045989575763622274,0.013424893221518653,0.009870136844427743,0.05107090535543951,0.017244716625290837,0.014318232121507925,0.03606875582398406,,0.03325959687771573,0.023810580767055157,0.018698316512205007,0.014258565496754779,0.009923058655056537,0.014835006498220229,0.03502902246229138,0.02437677472117679,0.014945899521357333,0.0380947259966214,0.04831426626513033,0.012287469483727555,0.017218270750331208,0.02866893653628809,0.0025044764790120477,,,,,,,,,,,
2018-04-30,0.028375994422734835,0.04407587667609036,0.054530926138713354,0.12229880790493086,0.052708032769504094,0.03519926616883991,0.028678049978618787,0.01847814759431986,0.04430184632507687,0.01124148097767398,0.008616141345510232,0.04947211126010591,0.019824771332405712,0.012142056485345179,0.045244382416154416,,0.026216767514550238,0.021270301848808855,0.021380256174770733,0.015191705627293594,0.010222944953241265,0.014101545923363745,0.03795671407578685,0.02459165315711198,0.014217530150624805,0.04369365434052847,0.036168850666201666,0.01144453799531421,0.020763155754129924,0.03274434686176332,0.002701158440321062,,,,,,,,,,,
2018-05-31,0.02805167578298601,0.04405061504313211,0.05753359576318927,0.11116745333286243,0.050162163964935565,0.038081885503853365,0.034137528810517424,0.02105972225071214,0.04646961141416844,0.01222935056812921,0.012745182404628179,0.04380685630079239,0.020325905976556518,0.009688829202364187,0.03971410016315239,,0.02517204489947134,0.02187477882337798,0.01894790352942831,0.012746880799174992,0.01046716448728259,0.008897686294372369,0.033816754343308233,0.028649656385244353,0.013685552743478345,0.03221609480022752,0.03542673476082315,0.010220550923665665,0.018496398868508828,0.03371896275655039,0.0020405656495658064,,,,,,,,,,,
2018-06-30,0.02813169533741665,0.03902998869082906,0.04983546249225069,0.10360936108620115,0.0452022846697861,0.04039470519504387,0.03150366389459229,0.021190046532834426,0.04375460026104794,0.012879085657324835,0.012944643046152967,0.04305421982747021,0.017924299885554003,0.008798198120864712,0.04112312267849186,,0.02813605175476363,0.020859643699539736,0.01916448720181482,0.01235052047404348,0.01036335683215634,0.00935355917450974,0.034372879759614915,0.01757522946619446,0.014616235446974142,0.03467092370154585,0.03508417604698592,0.011326718978338536,0.01854589807555832,0.02692763099894696,0.0020412829802278574,,,,,,,,,,,
2018-07-31,0.027419529957313643,0.03851753358449219,0.05922968499087083,0.10252924734818945,0.04833643536291009,0.0431454544608778,0.032015397118065884,0.018524273549310098,0.04565708731910322,0.013295785834744493,0.015498847855915347,0.04541637674596533,0.018658510663266417,0.01622124539723179,0.046495632226000054,,0.02769625908339285,0.017774244498942753,0.017168592616021737,0.013491507217915992,0.009490591624719921,0.009112412941490062,0.0335620406021463,0.021266734035750554,0.01455779827487494,0.03683729068210355,0.03519553193988097,0.013414204440434258,0.0164120659181826,0.025440342030176602,0.0023367200777251293,,,,,,,,,,,
2018-08-31,0.02762696977835011,0.0359775342865833,0.06460696222097706,0.07483869187432841,0.05171249092780856,0.044003323218059734,0.034787574447674656,0.02030627169077146,0.04945082126685214,0.013730734624438263,0.019394744643869793,0.04139457500885827,0.013164279243718139,0.013518259612041226,0.049603660729932206,,0.02501428438326395,0.02297110108037549,0.01603812792292192,0.009810724587234728,0.011992278761152053,0.009630650162895691,0.041347183648419675,0.019796744441680836,0.014560108867995488,0.03492058326199762,0.03846365353189247,0.012208407298121374,0.017471187403089027,0.025208812757251727,0.0023716925635963557,,,,,,,,,,,
2018-09-30,0.02818994744649178,0.038881711828592985,0.05358492766479124,0.0758868347560892,0.05602737748774575,0.0461992843037068,0.038632478430292536,0.02230136238340907,0.047361873428615184,0.012980466527553405,0.020909731146861427,0.04129525979047743,0.014719022539203798,0.016884730452055415,0.055194956155555634,,0.022168460077862818,0.026720472960543876,0.015771641316703184,0.007330209036362867,0.012423018837375578,0.011549574381174882,0.03569207288772161,0.02180287246090797,0.013674938841019656,0.03434159867912461,0.0435280008546262,0.0149494756148486,0.020802019102418166,0.026106239986781323,0.004151076566499639,,,,,,,,,,,
2018-10-31,0.0286059945147922,0.037593464129698086,0.055931205332591785,0.06415884787822336,0.07077388946128071,0.0425378491994139,0.03395387125856365,0.024628643717405963,0.044932074697635646,0.016440857013387225,0.009856774690738842,0.03889054028370036,0.012510581274619896,0.022141808086400202,0.04364872307622702,,0.02753398371203679,0.025760610605140316,0.01586641185640919,0.017822800584899746,0.010486503471822678,0.009672649365777664,0.032678608362897946,0.03174472454929573,0.013573745601790905,0.03588250747470294,0.03740056870657576,0.016489646650981654,0.017498958481306177,0.025393066459387333,0.0030762615709340655,,,,,,,,,,,
2018-11-30,0.028219460943358116,0.03621169488710763,0.06834170658387219,0.08973142803936303,0.061511015020101624,0.0454978361703946,0.038789555345243164,0.022004162809706986,0.04387906415089347,0.01777449121609181,0.015623566513064624,0.03468760753078746,0.01029087066788468,0.01779817524675301,0.04186486087680699,,0.02410771127396152,0.022888817841913846,0.011324611629097552,0.01489755042738182,0.010382612701611353,0.010840685554904757,0.026112014333686623,0.02873946131790985,0.01382868496441426,0.0360551864080749,0.042964585869619334,0.012545063657878998,0.020045574232716502,0.025353513119316256,0.003045025011199191,,,,,,,,,,,
2018-12-31,0.025598628647003338,0.0363196603635277,0.0691715980479892,0.05347549082274026,0.03940459044818151,0.044013916985176475,0.030651148319409943,0.01755758267587988,0.042534759146107715,0.014282974583837704,0.018400196600838616,0.028123703734021798,0.00932038995225128,0.01799063709152428,0.03830419438449797,,0.01969232281635777,0.027241840318794126,0.007538630083319216,0.013092249379790722,0.010124424152206988,0.01059116319758953,0.021613121508178033,0.01586679008140855,0.012333658521747545,0.033407859071529496,0.03474373805212164,0.011202400397916885,0.014849232453054691,0.024169521883816335,0.0014814147603685302,,,,,,,,,,,
2019-01-31,0.023690447399085508,0.03917901379084292,0.07146927075631529,0.05602441354656755,0.03944688038158646,0.04489319094890942,0.03000778012264661,0.020987264667246645,0.04305643076096146,0.013462593326979362,0.016075186268665984,0.029127904047436575,0.009757588212270194,0.01874245713206385,0.05339915441803603,,0.02333411438922234,0.02507348617196735,0.00843552761562808,0.01542729334058279,0.010007132664688593,0.010684018961858935,0.02029228355885665,0.017970161612737696,0.012052443179115514,0.044274083336438126,0.03981447422307718,0.011319506251663421,0.013184721431216906,0.027044526377520053,0.0014658536949400626,,,,,,,,,,,
2019-02-28,0.026275588131552546,0.04056200047739544,0.07695699504502215,0.06188120970106776,0.05463049145634644,0.04957500105970326,0.03583510465342992,0.022183847156156712,0.04303270582871613,0.012984021792695194,0.017551104514161055,0.033096774050288776,0.01590758866188975,0.014899321720813517,0.04458675946117048,,0.030043948693540573,0.032941829305094816,0.01284057826654257,0.021791868575123136,0.013077429798208438,0.012482854135832954,0.0251230768512431,0.030891473271689094,0.014380302510962397,0.047759755443125385,0.03854264680500744,0.013745181212706617,0.014426845992785016,0.028511734988177464,0.0011278163975796047,,,,,,,,,,,
2019-03-31,0.02891365420987593,0.0446090093490464,0.07536804953809355,0.05606108518345988,0.05777380354249838,0.05196165836338978,0.0437088342578901,0.027826081763829,0.042981232041324376,0.013826278275077467,0.016338962061059947,0.03325540367187902,0.018353400419958348,0.02150834048818954,0.044602540256420964,,0.026510861530590915,0.027310683451990114,0.014470006189883776,0.019629408599237858,0.013088309222819852,0.012421906114767069,0.024574439063316748,0.02811986814362841,0.01268215513949533,0.06196394478220034,0.042176148375950635,0.013556066980479703,0.01823259656380335,0.021437466277858676,0.0009253174530459324,,,,,,,,,,,
2019-04-30,0.02926093264695196,0.048527136292825165,0.07171305401375432,0.07181606636403885,0.05291426176580133,0.05262188285819029,0.04114118213719688,0.023504461460902733,0.04218188354352043,0.013550000428032075,0.01547645628442632,0.03136808467837753,0.016899754683147195,0.02510025919426055,0.04578113027912575,,0.032705135761047256,0.024294031445515618,0.015403011274717895,0.027609779873850947,0.012384351210527852,0.01369444948796483,0.026501143918470287,0.026706032635812334,0.010755372246994015,0.046353049930220026,0.0387213734329734,0.013817276515557402,0.01667225417760748,0.0227385050183598,0.0012881101934684293,,,,,,,,,,,
2019-05-31,0.029280366560965155,0.043978832397973,0.07360370524738301,0.05935042729158364,0.0633350292253452,0.05597789394802528,0.03976668928834474,0.021909256707769404,0.04222879043487051,0.01464609812256834,0.019479943390388527,0.03148356514768099,0.017968245694908274,0.025450895829065068,0.041573238924260646,,0.031117272812677347,0.02971419270434824,0.014106295832161175,0.023925439096258872,0.01270523074265649,0.013150577944681822,0.028179620376094547,0.026667583305664152,0.009532833008213832,0.03606325017069441,0.0411085353271971,0.01292350488351442,0.018106187679224676,0.025379208724059164,0.0013267153394279274,,,,,,,,,,,
2019-06-30,0.028203029204842186,0.04650343629965258,0.06348524302238048,0.04658178423220757,0.047782108839840784,0.05136045450501491,0.042399778299282785,0.026182197855100554,0.041965178595725024,0.015916815247865243,0.01867292323169698,0.032625589615424215,0.014814493742540147,0.027157346921946962,0.028800638054126953,,0.02840260884193733,0.0310356130525378,0.014240015667997815,0.02080557423651712,0.014563157573159805,0.015887843055601366,0.027546728205511326,0.028290090452023978,0.009070560472035718,0.035897489706281684,0.04700389936700185,0.014956565861269509,0.017944323873824344,0.01980994937468415,0.0013887188362847996,,,,,,,,,,,
2019-07-31,0.029141676981985977,0.05101867686831841,0.06936316534396206,0.058245988365604996,0.04558718894211645,0.0465943763225187,0.050050120112198455,0.024648728923600698,0.04078077600016985,0.017369516757804557,0.02941147398632974,0.032884099210738545,0.014940070837116412,0.015417935230397322,0.021614391010154856,,0.03867544519850312,0.03110526656770393,0.013389621955607044,0.018553989145599737,0.012097376651337184,0.014054462052853644,0.02705584078905202,0.023694646365768905,0.009369920386725194,0.03649853704515294,0.04378815617766525,0.016360425950823355,0.018132924211146057,0.020500863452964993,0.0013732142150639144,,,,,,,,,,,
2019-08-31,0.029451149397664324,0.041395868740509316,0.07298954156161078,0.06294991250374188,0.04974893321582722,0.04784169985468607,0.05183736046413927,0.029306477759666206,0.03967066746354144,0.018419775126497416,0.02377615974987084,0.03449112800791708,0.019176613332812436,0.015619592983939556,0.026517408209655008,,0.03170412468369111,0.036496194088163805,0.014454436059712491,0.024891886904046836,0.011955817912420235,0.015556279461159598,0.027649476580374605,0.026980465113512903,0.012050292617579655,0.03782595333647599,0.041379383972128175,0.015601956131670104,0.020003796066487358,0.020241675732810358,0.0012136600063660727,,,,,,,,,,,
2019-09-30,0.02821231229042181,0.0473765997461424,0.06998890189267913,0.07046647524184879,0.04987004157333431,0.048812571075817046,0.049418756154002125,0.028607819971389527,0.04019692551485981,0.018846056751909517,0.027301458747372966,0.03891815233259861,0.02208251187582161,0.024554156353525196,0.028212800819643266,,0.03405351178527917,0.04195890506013934,0.014732326705364103,0.02093699861591257,0.012072310711873516,0.016376071723453307,0.03495704036291877,0.03486025154966222,0.012676313142423706,0.039417068669906324,0.03896526673235782,0.016626576714989898,0.017636559629148552,0.020188002373634963,0.0014659552576221089,,,,,,,,,,,
2019-10-31,0.0377367798948946,0.059672910713513515,0.09231283527112912,0.07320848405042435,0.055877375701268474,0.05305711296865659,0.053829263888489395,0.031023017676135446,0.04351765530672842,0.018145929400433736,0.030197460291704694,0.031241717232111853,0.019360767853004675,0.02315497423524063,0.035892015988165944,,0.03548175767764618,0.04190707381498773,0.01707727924977909,0.018916604933596738,0.01298052445971215,0.014487251208782392,0.03471316416611385,0.030966161045874536,0.013530897558142834,0.057586147991649475,0.05350302752124999,0.019726359623088826,0.020332902480378775,0.022966275458098293,0.0022993242493628925,,,,,,,,,,,
2019-11-30,0.041832024029797396,0.06500402857409399,0.08576499424024167,0.07479956276168313,0.062292404943998056,0.06267528462796565,0.06162516252305432,0.044824414778446196,0.045579097094579094,0.02184789963012277,0.03265368012407707,0.024566357306898105,0.023979602849763523,0.015368328535793662,0.04623242007851001,,0.038901272978887236,0.049110498297070655,0.019802418984746814,0.020571715104985438,0.014913529024266152,0.018296725909760014,0.03366474013852671,0.03406957034545004,0.013484970784885482,0.04351219495855151,0.03882841810881436,0.02430353483612173,0.04188317296552082,0.029613830760341586,0.0038755905625025137,,,,,,,,,,,
2019-12-31,0.03539879413451143,0.048112940714218545,0.06451595313987793,0.060201024619814546,0.03230345414982939,0.047622705379828656,0.05445780399609051,0.03858585395484171,0.04222510428235045,0.01918719884678492,0.03779800737580761,0.015159225535684634,0.015707526838327074,0.013745819590886993,0.021172881866369283,,0.03132343510704269,0.038749797120479074,0.017169586840451494,0.01721990860766964,0.012199884151404184,0.01742125341365011,0.023506063689271148,0.016252710153372294,0.01209153721767109,0.03652485081125842,0.026887932919191868,0.015455248502489813,0.034578218297431185,0.01945918191515514,0.00039779991374523296,,,,,,,,,,,
2020-01-31,0.03591387846284057,0.06081702942670354,0.061455313101113435,0.07101023007026407,0.03927919595020625,0.05130701670138758,0.05423812810350111,0.035308036808644985,0.04444943811078014,0.017856278414907903,0.03875102393108381,0.0160787696184222,0.01538149535201379,0.019809178755281962,0.025721589020895632,,0.05290147123932523,0.039910488060820766,0.015687978386498984,0.020368619456802017,0.0114085881538856,0.01670519700531334,0.02144328945827755,0.022014855617946055,0.01210228470958285,0.035797420967748746,0.026958481996545002,0.015880823351543442,0.03823605132149366,0.01782756771385721,0.00042797950127057934,,,,,,,,,,,
2020-02-29,0.038484353593772266,0.06103068121208481,0.06245080477744595,0.07551450875603868,0.06142236746138581,0.06273410281578537,0.05668972734119642,0.048949886134003875,0.04812897723565093,0.01926182368695365,0.03823510174230781,0.024338102961775628,0.029275081053159617,0.02524378485275376,0.04767141123159908,,0.04451585215966167,0.046881952868989246,0.019947001308636844,0.03040610776811134,0.012050730471946505,0.02055023437152918,0.03490906824290244,0.041412566350685465,0.016549853787127387,0.05622874618837327,0.02975452371351369,0.02257060063100918,0.04258253969431615,0.02307834038672471,0.002398689018042373,0.07685708448865582,,,,,,,,,,
2020-03-31,0.04931374541237233,0.0430222400620701,0.05933192708952908,0.08208570150848417,0.04451140470645287,0.056831271957522494,0.06353401874588224,0.062062403466590865,0.04844713424398711,0.023469242837314813,0.05493897684606742,0.04422881834069645,0.030203960030332676,0.04042865000041201,0.06125726341619402,,0.04373999803573581,0.05818276120467217,0.026903070534864966,0.047271100513021864,0.014407375516847403,0.01972795328059887,0.03414430559563866,0.04770151218572194,0.019160819062080506,0.03494508562467702,0.03095550202126146,0.024190899560104066,0.03669024133552507,0.03197068239621907,0.0037110448219119874,0.07927257709119692,,,,,,,,,,
2020-04-30,0.03901522892462764,0.042756573189410105,0.058596924631647285,0.07949178193118582,0.042502261057088674,0.0563198037515837,0.06293398055173148,0.04828048475127396,0.047626873852285465,0.02329990347507189,0.05472444948026188,0.03468724032942132,0.027197124513807472,0.03883929564755439,0.05782893887420986,,0.04217174645089668,0.05785760201855293,0.026836373726519494,0.04240546606042852,0.014460903734091056,0.019395143628581645,0.03419921347543011,0.025614052953363387,0.013344488337841614,0.034794971196943004,0.030776460458681855,0.023101494912773045,0.03682807822099552,0.027798615944374085,0.0037227806691187905,0.02540301308986617,,,,,,,,,,
2020-05-31,0.03543912927096801,0.042779177535807816,0.056531456129316,0.07345356426430799,0.04252256570203402,0.055777313584383564,0.0632211688695574,0.03778484213449825,0.047727561612065234,0.02348496429163588,0.05436079351151018,0.031321009279664754,0.024745354370722655,0.035519385898373224,0.05640562666089295,,0.04217299797632353,0.05670818356484902,0.025421610895095106,0.039464137191267054,0.014530686912334001,0.015733943680284853,0.034402493066923306,0.022675936826069554,0.012738350699401164,0.03489024815421011,0.02891403262845694,0.01872143957692787,0.03688566639881202,0.026759976587536267,0.003747119414894269,0.02523240209828469,,,,,,,,,,
2020-06-30,0.032918901871193826,0.04313535798330141,0.05616144148740226,0.07197652189321846,0.0371940068744104,0.05071383743563402,0.06341970276794465,0.037739647954281315,0.04481272953501342,0.023537065025083494,0.0548690485843104,0.02314065440850683,0.02059097290146515,0.03213279993025351,0.0564483684737915,,0.04283664408568488,0.057092686730979864,0.025608007643996244,0.034102296378701324,0.01352518372921811,0.015949494714800408,0.034557965544997335,0.017245478568905688,0.012806180605952963,0.035065361213812686,0.027222222121030763,0.018221682046858916,0.03690192876679421,0.02538513484920108,0.003798832074447006,0.025239520182560597,,,,,,,,,,
2020-07-31,0.0317168550399236,0.04318458556771227,0.08081764274810296,0.07311267346215401,0.03723225389024495,0.056804466171962914,0.0633893350603443,0.03723014522832863,0.04506541179675923,0.02578573065103578,0.059468704855530324,0.023038224370265436,0.019074355992016522,0.028944573885115267,0.05934664908300169,,0.04268037578832756,0.057427317393576274,0.02539483127839706,0.03427600343010406,0.013537495174983894,0.01619204162410012,0.034815507795294735,0.016943829282161055,0.01285145558666052,0.033512314485787564,0.027328869597927064,0.01822807831027841,0.03699175185152761,0.025350071655572952,0.003963087094566296,0.02263622060535141,,,,,,,,,,
2020-08-31,0.0299339678779712,0.04187332677468495,0.06679098053980047,0.07219301033543002,0.037186646981615286,0.054997028845200815,0.06356413774027107,0.03732192996092042,0.04487206665526871,0.02515904889323869,0.0499458324612278,0.015138985191435993,0.016335412681873874,0.026790623737408172,0.0544798517932372,,0.04280616088428074,0.05532511411889412,0.025756366253877123,0.03409215964237792,0.013684304188370288,0.016335652749735977,0.03509300845895544,0.017619350140559997,0.01266483424116833,0.03204066973145095,0.02746079132310435,0.01719854410188138,0.03718314502740007,0.025614106946651807,0.0043583289720674585,0.024615553353993735,,,,,,,,,,
2020-09-30,0.027915118816989694,0.03925591315947036,0.045949457044241866,0.07114718272910155,0.03367926208984121,0.0508274302896034,0.06324475972614423,0.037645527928337856,0.04514886064188403,0.02502375186053232,0.033116835587436576,0.014769194638170183,0.01633939646740411,0.02619703773674483,0.048677945310368405,,0.03886065902003176,0.054255526063815056,0.02452502139928918,0.03442445326874117,0.013690836824858261,0.016407293355102777,0.03289027916672766,0.01601258748578155,0.012273405009890801,0.03231548788461699,0.02720209587546654,0.016464363588229308,0.03708427405209581,0.024943944063448475,0.0037514483345126946,0.023161087677662704,,,,,,,,,,
2020-10-31,0.026729811056987064,0.03791336270428922,0.04305836061102439,0.06970931263279118,0.02756192960119596,0.051073561915755815,0.06038991662944935,0.037152057214026486,0.04554740878489298,0.023510749059648877,0.03269678992397412,0.014288335228243977,0.015326749644019129,0.02515198936387517,0.04419159310848962,,0.03542564086161423,0.05366234056101451,0.022673688359060425,0.034811123230413646,0.013540038843509747,0.016630289348238174,0.029128864182008933,0.011013469262814615,0.011144612903118252,0.028381939825137516,0.027435117927522075,0.016445444576744805,0.03620432631996904,0.024481952386545106,0.0037030604032540397,0.04913018362302538,,,,,,,,,,
2020-11-30,0.024402753679594023,0.0364291686099796,0.04276786424770421,0.06825359760827919,0.026602686306218707,0.05095429479502048,0.06001248153187383,0.036827154238322855,0.045693241406920625,0.021565337027270193,0.03200534626562527,0.014322243162842802,0.014836672501475362,0.02255726565701191,0.03616044102082537,,0.03600153342266106,0.05385156298769861,0.01978993380437097,0.035063769789564686,0.01345447419820617,0.016720538664892787,0.026851697151866784,0.010510880217348511,0.010173516404176186,0.027559129141438328,0.02744509682228009,0.016062046295058422,0.037367132393447994,0.024122847944212905,0.0024668921779841774,0.023618313735458033,,,,,,,,,,
2020-12-31,0.021828144738643262,0.03657765054860486,0.03755347791955102,0.06459807536076315,0.023511828148798684,0.05127824747334393,0.049146205849953564,0.03581480403052766,0.0456193238850267,0.020358606011673448,0.03121830979162455,0.012307901558830962,0.014186693256125878,0.02160200345173762,0.016643924684742573,,0.032220719389809076,0.05203214951394556,0.013180243656125778,0.03538675933712517,0.012170926235915749,0.016578544587413577,0.022637768712716888,0.009669528969610368,0.01025042267512115,0.02737815719519432,0.02788587641832096,0.01429064763475659,0.03793734667105728,0.017167393812880627,0.0018084118746793645,0.017484565740784275,,,,,,,,,,
2021-01-31,0.02174214999198181,0.03674142741120755,0.0386225374055702,0.064826134231318,0.024154564607115184,0.05234244989194834,0.049107386146625534,0.036435822033277034,0.04627452810718422,0.02144558009035401,0.03175071932079048,0.01130078072099488,0.013961683349334201,0.02193025377961926,0.016828658954357614,,0.034739848873411486,0.05232305966074136,0.013318572850427205,0.034678820240033534,0.012384548265675326,0.016594989543955874,0.02193645578899727,0.009506531366896796,0.009897538286615996,0.027671063386198756,0.032036030270820665,0.014478418055112862,0.03767468574114857,0.017691922551330768,0.0018198975652944393,0.017337741261254626,,,,,,,,,,
2021-02-28,0.020369099019971977,0.03913515193004395,0.10410100257475173,0.0924407728585702,0.0241299504600473,0.053095705760301086,0.046189332928116535,0.04280423411210944,0.046975083440517575,0.020601997079011305,0.0519637876071296,0.011244384999326345,0.01999231185927368,0.022092967480817908,0.02594700521669557,,0.03651639400645581,0.052363317850620664,0.016583525026289674,0.03508511573203364,0.01274092736362331,0.018246084114039402,0.04543437154472497,0.03496182280393035,0.012299513692120876,0.03398080496946861,0.0267642571650639,0.01945772995367154,0.06561038405030087,0.017484839438052086,0.002091524059132091,0.017304467265025873,,,,,,,,,,
2021-03-31,0.02271107857337583,0.03891855272360493,0.08104347096031714,0.0780987196425327,0.024813140145547037,0.05338044652812787,0.04232408915586837,0.03645413280018477,0.047625250969693306,0.01882850817810273,0.04523617219591246,0.01112042343537894,0.01832538590079426,0.022487299633871333,0.028908009351964352,,0.034362293424789934,0.05220231885704408,0.014974759941399856,0.035032116479827784,0.012883551178956247,0.02014821611559146,0.023519793355524416,0.022795888076030182,0.011624516744801165,0.031974137859055556,0.027504133689647492,0.018640527087984145,0.042892090703309266,0.013843726784660174,0.0045051664788398355,0.015011137042859904,,,,,,,,,,
2021-04-30,0.023105817954288288,0.0378030468470901,0.056188573113299715,0.07612018289631063,0.024870012265092906,0.05305035636297686,0.04266202150631604,0.03634727081134395,0.0472220556143099,0.018637739764553192,0.041347673970411676,0.011045899736713839,0.018185106161914336,0.022380957032481767,0.02565191674752655,,0.033160685215905865,0.052410961798768044,0.015353907169416266,0.03477862161125415,0.01239079234367701,0.01935578443486852,0.021551903691862252,0.01132842303552516,0.01035604962661371,0.035970159318799544,0.02665549690792708,0.018733398197337037,0.04825424775021373,0.013161295003877277,0.006073305061971912,0.017352142293279967,,,,,,,,,,
2021-05-31,0.02034128370168705,0.03489621119053174,0.051454414372648256,0.08243107681575781,0.028284026275687053,0.05317141511631738,0.042634257378899566,0.03616261024966435,0.046900262216022434,0.016994933643898147,0.04191083655352159,0.00710623294308603,0.0187566306010575,0.020642393174189044,0.028799278480678238,,0.031555362546787,0.05233944525548865,0.015416384157172452,0.03467152974068825,0.012094751919753153,0.018710107975132312,0.021640027102874326,0.013497542373399847,0.011324676719504148,0.03694762382012828,0.025631478277574896,0.01709884751911218,0.04975137506351303,0.012857178041269627,0.004401599188166243,0.016368885808678728,,,,,,,,,,
2021-06-30,0.02169274623690179,0.03460987845495429,0.04843533221058612,0.07553595796972279,0.028369726763793884,0.053398790974486486,0.04565018990865147,0.03617089888494901,0.04539720685980646,0.01687039858109593,0.042367724591920675,0.007163148595294199,0.018531929105129408,0.02139254983022843,0.028323449482509908,,0.032020543669944244,0.051813165477239034,0.015960685332779397,0.03471576904565804,0.011922751228926743,0.018340705665731125,0.021846090564537145,0.022224524676223704,0.011261857161273627,0.03585595416855666,0.025942937813193102,0.018777353165963375,0.04485667241178349,0.013992624940869367,0.004457478603736361,0.015178836254725523,,,,,,,,,,
2021-07-31,0.02067567068222226,0.035401963662494505,0.04280318160138925,0.06981465773074745,0.02817264879118734,0.05270530651664561,0.04524183633615735,0.03726721683433455,0.04486192956570282,0.01567968521743563,0.04304552222192718,0.007208336933147291,0.017528577380399788,0.019624787116166796,0.029658732485033423,,0.03148575833050806,0.05058089161491499,0.015550152180705356,0.032055695797985305,0.011880855966437395,0.017191326148656167,0.02224200927155935,0.017702931276932878,0.01140851972832514,0.03440660971701092,0.025621308867514694,0.019250186798358278,0.04173639674400831,0.015568364824539346,0.0032599229921520465,0.014861547974000812,0.012284154560045682,,,,,,,,,
2021-08-31,0.02136273229501257,0.03212073843212713,0.043169449159403406,0.07553818735752219,0.02970823526172187,0.05215846474862654,0.04733262464449622,0.036319962332179115,0.044677467074543176,0.015556771899241423,0.042736184424931274,0.0066779967814275185,0.018753053375118272,0.020376442498235992,0.031745376075914176,,0.033794100922891625,0.04516726151488368,0.014326111835808666,0.03212115489456172,0.011555723134133415,0.016676208902546064,0.019627540014108047,0.020445285747672858,0.010607072186825089,0.034891206785616774,0.024228690733274848,0.015466953234856931,0.03919083584564541,0.012486464456058163,0.002867393288072009,0.013442243281448274,0.01308432640202881,,,,,,,,,
2021-09-30,0.021192435601636278,0.032512049015265054,0.04266552400018625,0.07455458845208635,0.030732784185070614,0.051239645019376744,0.04944715296190014,0.03841981249790638,0.043865680899030174,0.02080941790340024,0.044271436543979116,0.006042705755428582,0.01807138609244024,0.018942426813919694,0.027821160122344042,,0.029306863145184298,0.044751217366527186,0.014820154305379455,0.024657038000280598,0.011335826424944507,0.016737232438631774,0.01780923397942687,0.016699309970234204,0.011226170456026271,0.03240854891182925,0.0246226506397672,0.010582049112037086,0.0402966593898345,0.014484874156071186,0.0028508155537744387,0.014199569309555453,0.010722591378385549,0.03270296945670314,0.019619149938888924,,,,,,,
2021-10-31,0.020991654760812,0.0320741828153673,0.04068111548394625,0.06873666338317566,0.030167304307132856,0.052416926405437686,0.04879866443777073,0.03702234811332789,0.043432546542261606,0.01692791170899148,0.04345108924078869,0.005956000088694009,0.017722829381951355,0.016278775375760487,0.02644909849750591,,0.030315775292417087,0.04515980235210565,0.016261106766167772,0.024543700717920953,0.010881009608721738,0.016026729119709614,0.017715924130640815,0.014311599308942416,0.01037936565012454,0.027055066540216197,0.023556571026133538,0.010022689736545838,0.03932544245485453,0.013833610050730773,0.0024828368684059283,0.016008282091873608,0.013065291912924609,0.03204758491837186,0.021281834344024635,,,,,,,
2021-11-30,0.021723248387808525,0.030844949368737266,0.04437036408145539,0.07395601717650147,0.02405490283551136,0.051491747354023176,0.048960591083935016,0.03665206245435827,0.043737458869586965,0.015579517042834501,0.041635067126984455,0.007451979286495473,0.014516362907874246,0.014008504907130744,0.02662451611990677,,0.0276507230536352,0.04328194293545209,0.015669109364431416,0.0226226340935937,0.009435794808632816,0.015257607822579435,0.018354138764252206,0.021405018321146004,0.009596705731075244,0.02808922693806004,0.02531153433878002,0.010328304498859558,0.03240736560123034,0.014604613906035364,0.002448403108646154,0.022872126560258547,0.015636661818792436,0.03170648981251229,0.018461190201388936,0.016348698779386564,0.0026961943194135705,,,,,
2021-12-31,0.01895855088517858,0.030319732831677937,0.04958070999428935,0.07076280053029953,0.022476545549202115,0.04554999405987752,0.04075259092156689,0.036469434919579095,0.0403237282517026,0.015047167681893233,0.04373992513339532,0.009183339788173558,0.011983969457904888,0.014408710291743707,0.02331619128957246,,0.026488088247358415,0.041944325813631896,0.014244158682333696,0.01725285323281578,0.009229104017096368,0.015030513202286254,0.01745542997162539,0.02577241247089906,0.010485140070716796,0.0252189362282761,0.023862822487195994,0.009008466458510611,0.032772653996377854,0.005661618866179335,0.001769363266894289,0.01388312946912827,0.008449087841670996,0.030030263223545076,0.018431702370569847,0.01650970211310086,0.0012928879459656417,,,,,
2022-01-31,0.02387159475823604,0.029428393201965875,0.06336291065626783,0.07406356383645255,0.02807018176269001,0.044726183061502174,0.040915921762778557,0.036513956143238505,0.040460740629210346,0.021951213781618333,0.04589576989334378,0.010219926077877303,0.01206607668167637,0.01306803919651586,0.024924964230183356,,0.03617182833564656,0.04163878493626761,0.014016384256401188,0.01752013325998622,0.009144013268919799,0.015066840795586355,0.017817351331375464,0.023106214972979273,0.00945403865697855,0.026676238954914885,0.024036834248657626,0.00941778873688868,0.0385302838788292,0.006355379203819705,0.003067890680477919,0.028225834165971575,0.012184454265823748,0.029411422776648717,0.023741265591218995,0.01653310903133963,0.0019599483499593254,,,,,
2022-02-28,0.0232086349223057,0.029483142510151873,0.09439847280564086,0.10390775189169142,0.031111681973678033,0.04642980623359485,0.0410792594006169,0.03837284059035107,0.04109372421709773,0.01760725605838839,0.043280375275068846,0.0164006421516217,0.015172257884578006,0.012694381000750916,0.02538194357091532,,0.03414639134375998,0.04132532757101204,0.0150870251983066,0.02277746989109522,0.008975368056240047,0.015257022198183805,0.018894189903556086,0.029667598276637567,0.010673419044175462,0.03028748958228886,0.02358294257006631,0.010628822288376437,0.03749165752434164,0.009019627186793581,0.003279577679447067,0.031408552341031175,0.0138944284062796,0.05190648876749242,0.021570387669076475,0.016441441585941085,0.0004054103017638701,,,,,
2022-03-31,0.025122329528204836,0.03164584736794395,0.0956955760463463,0.08723596525234593,0.05231755943372791,0.047619838230914736,0.04100316927963424,0.03837100376507593,0.04082197379173903,0.015924528307139262,0.03834471147514297,0.026453969785228234,0.016529539391683067,0.012666226074677699,0.025145605045374202,,0.03711206943825956,0.0400546960311439,0.014928294207911605,0.027806353121907934,0.008822466050897483,0.014407986831846777,0.02119933467104662,0.028984434861648287,0.011079107797234363,0.03180536586597082,0.024342743635261132,0.00938587588448747,0.036816401577428354,0.007871228281602768,0.0033187846114024855,0.019330588529909976,0.013275625793115128,0.04193387794724986,0.018864460866757686,0.016382497374240787,0.0014940223351348637,0.025788533848087904,,,,
2022-04-30,0.028567383827045014,0.03315141776351893,0.09376412062027324,0.0886546790082297,0.04598273587889014,0.046842472256378005,0.041004764403012095,0.03615552629467204,0.04106109175288921,0.015717828934763874,0.041752114007155394,0.029622927927024166,0.01999256516704903,0.014840515601817093,0.022992986154816885,,0.04192847299172364,0.04132589157380618,0.014356143077685358,0.028399712587610544,0.008917956388580695,0.014683118335393314,0.021054102368841622,0.02915932660834384,0.010475603926710667,0.02906078921707307,0.028238569404223254,0.010281327836640238,0.0394210328739045,0.007504897646545182,0.003360970941563978,0.02130861717874562,0.013913683204126759,0.0391508632055287,0.030418158162302273,0.016298632079135126,0.016003000666320533,0.029679233089531527,,,,
2022-05-31,0.028017018420616144,0.037186676367924554,0.08111271695834688,0.09927957671196672,0.04603232843064941,0.05213799947560782,0.042368431312387454,0.03724558138511929,0.040138643079313745,0.01724852529871068,0.04485230857195388,0.030540457047989723,0.020772282278190675,0.018231698793201842,0.022549406317476102,,0.03266135956680727,0.03891882957983291,0.014056197036069909,0.026686426431190107,0.008683784571493297,0.01539733864129212,0.021214619970880463,0.031449543979415386,0.010867109783201778,0.0284684128824868,0.03345128710617685,0.010900728644708072,0.03667815851218796,0.007866581628429386,0.0038900345843355983,0.025651213686818733,0.011236903847841621,0.038795508392827575,0.03065903800642268,0.01591526272268951,0.0050419643309975075,0.02952271607822993,,,,
2022-06-30,0.02920186074961721,0.04025928101940196,0.05668757850652978,0.09808507808615606,0.03975085168607265,0.04939926835791205,0.04106178015032777,0.036373547470836966,0.03984495102241469,0.01697748853340095,0.039154841120278665,0.033781499526458314,0.01648262821720743,0.017045720835198293,0.023350623055295592,,0.038345542954692724,0.03844338660195073,0.013060386900329637,0.02073017754552403,0.01036299962531875,0.014888551249756686,0.02416601478671928,0.02625014800209646,0.013816016349218932,0.028166308710647722,0.031201988408683348,0.014270282283971423,0.03591253576651805,0.009639854618898215,0.003547914673915106,0.02311736694531343,0.011380869274410817,0.03326119245268396,0.022543721659254362,0.01603869946100722,0.005342854918154195,0.018814986245522948,,,,
2022-07-31,0.031876276896593635,0.048056138368198664,0.060453633175881025,0.1000980825268603,0.02689809006766563,0.047890312301145724,0.041419636314537545,0.03657923630081592,0.04052117324220358,0.01741998100361481,0.04001157814322622,0.01959194842593703,0.015454556524208697,0.0162052092547403,0.02361794384012291,,0.038839298576265106,0.0419414590704228,0.013404771425236718,0.01958545049160145,0.010971846993092655,0.01610902965930463,0.021750092809199043,0.025356949068017373,0.013497393986226004,0.02819295498083375,0.03128360753526575,0.013829898171614202,0.034882343533472575,0.004460399304612091,0.004709359090525629,0.026068920280775176,0.009923425676353835,0.03315963718277007,0.023539444792982183,0.01640496844494062,0.015734098322579635,0.02697173583182499,,,,
2022-08-31,0.027995178914108788,0.04904072912908386,0.06362922077237891,0.10117490903038487,0.02627397617829412,0.08253551489040872,0.03877372216871981,0.03902646220314287,0.04118309473369112,0.017302088295303136,0.0413907361483921,0.016477569353492857,0.025234154157218077,0.02161330013542608,0.024541284545947426,,0.034509700366544674,0.04072731951973604,0.015068745405370811,0.019788933604339462,0.011721047368678102,0.014777466222812402,0.02622815105054466,0.037742127069099005,0.013800212783733917,0.026447539166761642,0.02976931445953893,0.013947384649032328,0.034978789975124075,0.007047474824793197,0.004730993517338268,0.02817261581390546,0.009834293467867981,0.032385102625355634,0.022408701319965117,0.016041115516318923,0.0008002427911956763,0.023273089289104727,,,,
2022-09-30,0.028221628368953353,0.04745673827372846,0.07080242089384316,0.09886944473574898,0.04847182593767919,0.08010348044930167,0.03820031763631252,0.051083026730536954,0.041256393572042395,0.017278435635913875,0.04386061316151648,0.015590696952235005,0.022241075758204814,0.030407867051597592,0.02496682047486738,,0.03614474792099458,0.04312088878254991,0.016441025708688436,0.01705792930795397,0.012837757528961472,0.015521781422787201,0.027114646356936785,0.05070385841618075,0.011034110157594952,0.02351188748440814,0.031652447077714065,0.012640087386308514,0.0364823851093978,0.0042832636439013565,0.0042423125309999045,0.020640358260685172,0.008310227268092572,0.03229460947804282,0.027929969914122246,0.015846174133229387,0.010855733582426542,0.030500361963906437,,,,
2022-10-31,0.029194163916351844,0.05203991704292647,0.09099346028310344,0.10118975691005094,0.030309072078411388,0.07579339131380171,0.037540922041409776,0.050413538137183786,0.041282498073691956,0.016450239544508614,0.0441866717509012,0.01831778377844065,0.022729515463871263,0.029534920408041128,0.022854639977231514,,0.03937773913007247,0.04245095528614893,0.015688821799746355,0.01667142475941102,0.013330500801452143,0.01677444836990843,0.029549107851812875,0.033631385033103575,0.011740923979470765,0.02490371843070404,0.028874084607713537,0.01262917547566214,0.041783888758350644,0.0038919223169367446,0.004014804807404279,0.01595931439027066,0.006661820154218146,0.03485948174542735,0.038192132717118715,0.01568574041396859,0.007979235408704434,0.03595504435441198,,,,
2022-11-30,0.03117776338625657,0.05465221058244686,0.12997087260525073,0.10072865407121864,0.03510197739770869,0.08639861069495751,0.03545930270745773,0.05464234040779078,0.04000196266785707,0.016204091306671827,0.04464344521262581,0.01871254229281464,0.022958547740646502,0.03392815116264016,0.022530467038648604,,0.040844720366870306,0.0421322334328323,0.014256629573909505,0.016101389768759508,0.013003785175685801,0.01586568689013058,0.02785088594758687,0.02606532182601129,0.012423878070660326,0.02740200063876744,0.026067050957103606,0.014403579991599889,0.0392658979054932,0.008245191191161322,0.006017727349007333,0.014610041319595694,0.009599189525725357,0.029029490990807875,0.033717586708579904,0.015557070508753743,0.007469705586832075,0.0418126108378875,,,,
2022-12-31,0.02875550782064977,0.044067092442370774,0.0687097078248414,0.08982336975597754,0.020849700122068784,0.07093459128852439,0.031659992948422574,0.04897261038662935,0.027908620467711365,0.014647863873433897,0.04658940660798517,0.009528026046890502,0.019221199794286468,0.029957710225424573,0.02212313943078415,,0.036333987528657984,0.04523719809365496,0.010241543449588504,0.004303706690478768,0.010984469542992785,0.015280772463841635,0.025860972236252087,0.02069289680512087,0.010899885541269652,0.022915554176782565,0.02602496750688093,0.010678213702814448,0.03721123445768513,0.010710919733769994,0.0074026839785940775,0.012192637284631491,0.00717110378136186,0.02842251877810868,0.024429974368415132,0.015641146608974813,0.02278897388285154,0.024544484977111022,,,,
2023-01-31,0.030550310593823436,0.045214876315232695,0.05855085872629258,0.09027101387948423,0.033038259124957156,0.07285037640363665,0.029954549077272342,0.049647870892356255,0.02784088335548555,0.01503690739771904,0.04594703751609537,0.011567091744076113,0.02027680027561462,0.03661452747793439,0.0231523155811772,,0.040518213221295875,0.04855316201321712,0.01045578323363477,0.0046597372328479976,0.01129539990075088,0.016618964665523258,0.028007155925128483,0.02439074432392387,0.012362119684828615,0.023280861744801883,0.02623929331906749,0.011455977191122025,0.034170532097792604,0.011393902457894267,0.006877565255543865,0.01572452915149058,0.008470533365181547,0.028115115469753125,0.03283537962269707,0.016746593654018357,0.03267238707352521,0.031977435688469315,0.06006963706905159,0.17779547731553433,0.004721472019768646,
2023-02-28,0.03363257710736599,0.047032411911239275,0.07710822218702874,0.10354682908613663,0.03815986275295507,0.07511634600994474,0.030500891441016063,0.049156827200424226,0.028272948431915447,0.017740330606138218,0.04755462677342084,0.025470208557885544,0.02804822137042345,0.045726916306612894,0.025543909910672017,,0.038909535957538766,0.05510291905135564,0.011987279440598254,0.005325331622657102,0.01372635441615797,0.018173081020799342,0.04255737582310454,0.03925274372278745,0.017241204398788935,0.023140102777832603,0.033805645562201975,0.014875383389937491,0.04345048584991863,0.021304141930626876,0.006891746391216494,0.039084713251599235,0.009879132547103849,0.03077751161377643,0.040329900358180126,0.016471558779578344,0.013566212192892573,0.06834280515115608,0.0622495194000477,0.20325835966938552,0.0047922696770105935,
2023-03-31,0.03344194862367294,0.04356308203218995,0.05426937985149215,0.09798980869035048,0.05422492170252312,0.07344648563300113,0.030643738135923533,0.059723996093887295,0.028029214028818018,0.015628647715378495,0.046182943938596586,0.03605465352389069,0.02647843390092637,0.05149342525468623,0.032996456901243455,,0.04280120015789284,0.053257336461899236,0.012986700837989019,0.0077842064622500136,0.014814340771515595,0.018055359547959428,0.03922734563388019,0.0316893943432165,0.012234107895082042,0.02275345384442817,0.029392288094180357,0.014919619310929463,0.042379857776408146,0.021466773706483692,0.006819450364175984,0.02270917197475204,0.007616296117173274,0.03158860023777462,0.05259463447258777,0.016221399796816735,0.016152869163103087,0.047024729861986074,0.0628166735614325,0.19066328261179627,0.00438524127002361,
2023-04-30,0.03342319258291838,0.04371508218130157,0.06404743491121255,0.09525184473984089,0.03655283881172183,0.07610635741751781,0.040779066302242324,0.05311748208343379,0.028640069770746807,0.01847162636345923,0.0464704342227231,0.028329379458408587,0.029688239837224385,0.045985169703221376,0.03426141417880682,,0.04116708013975203,0.054369081702429344,0.01660063718752723,0.007987585735018033,0.013723663972519255,0.018104922871141214,0.04166564260430731,0.04316679395748553,0.012436178416466527,0.02197540182599858,0.02898416960505359,0.01747512525444534,0.0419123604709406,0.020388310073612723,0.01055659150349646,0.027038273579440344,0.005341710722970765,0.029815092317018534,0.07155720534368519,0.016079394841661588,0.017873286122262452,0.04321651705427632,0.06140695204504201,0.17651912053325752,0.004149185861725007,0.07624827752830295
2023-05-31,0.03262528017659804,0.05118521278114029,0.056141003312359765,0.0882118830730084,0.02907492228193385,0.0761516045858571,0.048164381302983665,0.0525095798968634,0.027871482117966626,0.018609501514227637,0.054016289135905476,0.017439216327864163,0.03058574413299559,0.04432322791498451,0.03628573553994667,,0.04484699427735997,0.051575669612993945,0.015815621701748255,0.016207136934537576,0.015331839229243745,0.01952455012961319,0.039664799954383365,0.044301546568578876,0.0164932268999572,0.022869570760065034,0.03122196421903156,0.01630939670042921,0.0464476065216469,0.016253612208172036,0.010361800986035296,0.025472851882454753,0.004636133590589201,0.02867269236888937,0.056397117694946715,0.017101543915491936,0.009144862880756818,0.04173783382737556,0.061189594498964855,0.1842135069509295,0.007511823720984659,0.08640051375783182
2023-06-30,0.03197364836321709,0.05665214650610318,0.05117343057489286,0.08058626528870293,0.03159495779653035,0.0661897175817091,0.04788938554224763,0.05590649529933392,0.028201060144894853,0.018391042851282697,0.051344667111710374,0.02263743321141406,0.031119564726517567,0.042306560397543505,0.031304078786765,,0.040197225810487236,0.053782964300474384,0.015343347968651791,0.012547942152516204,0.019191453860390163,0.019018057847127862,0.036921520346132185,0.04323525829606749,0.015820257016967175,0.02168059952863844,0.032045586760971925,0.014990490829779813,0.04985110135227594,0.02156171462910231,0.009969587378240347,0.02524155553331167,0.003347488614638161,0.03398143477480843,0.056403714022534045,0.015621604788705803,0.019573453954254687,0.03675042046619033,0.064300702293716,0.18342563202415701,0.007175203421049644,0.0818994436343674
2023-07-31,0.03461435886807696,0.05162634567864618,0.058575070090534344,0.09006968272103032,0.036746236757710084,0.06528215366264309,0.046916150835014846,0.05810100167192943,0.02786399732928671,0.017034668880268777,0.05243690063951815,0.02969769983155248,0.030462006872439596,0.04094310815631961,0.031152953267697046,,0.04114107301104224,0.05652767185011272,0.016439786681388565,0.012351627955797763,0.019760683514259463,0.020754875167310758,0.04260571153100446,0.04062511383707924,0.014218562067124579,0.019816616288465146,0.0282109433152994,0.015330165989809831,0.054296406185200895,0.03300381023636385,0.012857050980275056,0.026002543261981145,0.003927961484221156,0.0352615866872364,0.05208211345477105,0.015237582987136815,0.02255176902977853,0.03646117862307315,0.07105202048196346,0.17486883366334255,0.003909155764567589,0.08769429415477267
2023-08-31,0.034427075899296826,0.048310828440404116,0.05992441567960783,0.09019748826349916,0.038075397092000016,0.06278847457930518,0.05100710671254307,0.05715347040532621,0.027638178429995188,0.01607898797962604,0.053851763122896745,0.040123780894659206,0.03240140164245125,0.04292283457423066,0.03267234858470096,,0.05024799496918605,0.05723238448754697,0.01746564321392975,0.012393580863559524,0.024731542336414582,0.02255393872938411,0.04801672107893532,0.03494806319504144,0.014867678777523352,0.020183142881889795,0.027936501200612345,0.018124322687536207,0.0489815070597125,0.02955062914156407,0.010931665009081156,0.034471316822524634,0.004079767879132308,0.038535339884692356,0.03985095056972984,0.015294155161141918,0.026077903488282525,0.03871310781728081,0.06587840523821953,0.1824654093904067,0.00429276936791626,0.08842114604962499
2023-09-30,0.03391720100829632,0.04821284618744842,0.06218129612226451,0.09073633655776789,0.026150973969446118,0.07603431085265001,0.05928027874727999,0.05746439100604375,0.026583116558886725,0.01658456009506382,0.05668957261843864,0.027807918818681786,0.034400147324292404,0.040759588329806064,0.03198657134246735,,0.055523927517282544,0.05544980255536926,0.01700923740895883,0.012510900634751585,0.025464306615367013,0.024429805665627604,0.044682212180395156,0.0397770207770059,0.016224436927789552,0.021054013383844328,0.029002302966236918,0.01802009305306114,0.05357672374668776,0.02234696158269959,0.011705534231370662,0.02423775271178293,0.00400093260616692,0.03895437811029066,0.04277278473847748,0.015806126746884776,0.03044042356779676,0.03842261392693233,0.06093011788687374,0.18471928021103987,0.003693883370376196,0.09729853097992121
2023-10-31,0.036056102830427254,0.04965211964510376,0.06294149299647414,0.09728228152174313,0.01987492349517846,0.07908642942980942,0.05578557786140632,0.059983105426256206,0.025859136553736405,0.018151152440483098,0.06336744824921708,0.01596567149904524,0.036359638475983024,0.04113745434941152,0.03219936085091015,,0.06192844050887311,0.057800176166031336,0.019805776082327572,0.01240614419599063,0.025316746384312094,0.02458113560149174,0.04888045073781216,0.045534568325932646,0.018157543840948347,0.02036902318020012,0.02779033628228059,0.01618635581310543,0.056509894888927506,0.020829203315958254,0.020323471886150836,0.037389179108225555,0.002669713774013342,0.03669735351280213,0.06170185564057681,0.01629449008604895,0.027331431290824645,0.03977888935438801,0.06082797603608393,0.16716474840037812,0.0035798607724669956,0.09565846243061432
2023-11-30,0.034640977789367,0.04747093090726078,0.05057696109826979,0.10554690658511152,0.01964424155950775,0.07698069712364473,0.06300674296170043,0.054985493095813215,0.026017481154099065,0.01774070871620937,0.06180820364569421,0.022946396791798954,0.04067085508769825,0.03865769004177473,0.03794670290604685,,0.06137665478387871,0.05448956263216894,0.018149288537050518,0.011785474225301556,0.026233559226520778,0.023485873944994566,0.04927136592139652,0.03635026117322298,0.01777895727373253,0.020075983776847175,0.029932614464790567,0.01820457179678885,0.052549435603391544,0.023390674557424093,0.020958042453713428,0.046977610023174764,0.007936484012098828,0.03751574159008315,0.057427933248109055,0.016345565345801595,0.028407221144001703,0.03433631142783299,0.061208770335557945,0.17543929344277406,0.0032943128352215362,0.08881786415196992
2023-12-31,0.03248242014366886,0.045375383335617504,0.04947830191066627,0.09258516215488773,0.015527963788149614,0.06949007022825958,0.046670962515831776,0.05445557271743854,0.023875823863157064,0.015842785277804573,0.06226026106198227,0.011656721083167725,0.03474634235457709,0.031904258845300376,0.03330019703802927,,0.05666639154865952,0.041359040831887135,0.01625015715064532,0.01190676388434675,0.026810853548806114,0.0241035451111,0.04805558138175734,0.019938221990676006,0.016139950553324407,0.019832421438038626,0.027216399472874908,0.01743709594397134,0.0430231352378801,0.01878202969867899,0.01375848665735391,0.023841848057327752,0.0038488659964323827,0.033463726616221594,0.04195200134424355,0.01448216318430846,0.02326642163271095,0.03165723093080447,0.05822295140322855,0.16416406477129586,0.0006247590682835069,0.08952875266755465
2024-01-31,0.038261966450463,0.04928229414544721,0.05287417000751952,0.09348169816570394,0.015623803911867634,0.07061872245121555,0.047499838518030794,0.06342432106505569,0.024006478545371798,0.016765289883343467,0.07626500213969443,0.016676586903474483,0.03537513174480989,0.040409077870129505,0.03364054281383461,,0.06432135442916218,0.04629450185190739,0.01484151147529264,0.011921996509898466,0.027669131570803775,0.023320044615836356,0.05063359103491853,0.03514710804668977,0.017059784653027196,0.03314297910058477,0.028728441537054023,0.0163591909148948,0.04516478810072334,0.015187244243060173,0.01488663216433032,0.050016340071942327,0.00586492731214085,0.03557535751518338,0.05794938484245389,0.014536530836646067,0.023567846638147507,0.03503565517674567,0.0655356389407337,0.17176406797458865,0.0013202135573274867,0.08535007742573215
2024-02-29,0.04397931017999684,0.04911847919624175,0.06916948764448819,0.09465903599152062,0.02094461150775104,0.07187107132278464,0.06211937948357745,0.0650210521989183,0.030239400298618803,0.01772663302861806,0.08223061026438312,0.016580005095768607,0.038180922110427125,0.046773729860521335,0.038256163759327375,,0.06919697024430549,0.046149483619261335,0.019533536500543933,0.017600215580196605,0.03784123070340244,0.023853575186611596,0.05659154177664001,0.060007923881459174,0.021393513831518454,0.03994832222895015,0.031414548381184265,0.026660915879147064,0.050233769886643576,0.017510560298310614,0.015985966934604547,0.047376051344760514,0.0067381068940890266,0.04441322327039798,0.0776204115801936,0.01432879064537135,0.030934039827551996,0.0415596979698344,0.06834826479889218,0.1810914379373184,0.011517925686073911,0.09030531213215597
2024-03-31,0.040860485410879784,0.054893059315705185,0.08142541186771958,0.10395518249597503,0.02352870097121416,0.06961997099308416,0.0587727481386605,0.0642960078568009,0.030793299220068203,0.01586011394847523,0.08377812121984274,0.04461805759249812,0.04340815028099047,0.05389907849413171,0.03458789834704909,,0.08616698257521917,0.05283038160608508,0.02225929421883885,0.017634180764913455,0.0392122582874853,0.024153384635088575,0.05951721351392124,0.05406804931635681,0.02401690637894752,0.03541003005683675,0.028915765821138296,0.025921602249863705,0.048531373019863426,0.022174238217070385,0.017365228322656846,0.035175713954924005,0.004416251846184441,0.05671302753630284,0.08017360568083624,0.016689355516010394,0.025543138159188048,0.04141868064068006,0.07237224996345891,0.16575759247713406,0.006169307452701678,0.11015196539726076
2024-04-30,0.04094198676090125,0.057027241053133206,0.06840728218164027,0.09606975934432863,0.018729088026929762,0.07121507503966694,0.07070055788570606,0.06672551265460866,0.031080227898106588,0.015483965581622685,0.08352755112097542,0.050594939140607975,0.03943312728434521,0.05036512526915389,0.03508024674940471,,0.07999584451611032,0.05794396308182725,0.02201376546595089,0.020417391845471894,0.04211355630838492,0.025047130388217022,0.0593221260534034,0.05848744729267279,0.01998667184342202,0.03530392425230408,0.029704914282860838,0.021356442843531193,0.05704932194360372,0.020109103706003863,0.014689333212512187,0.03216803551267079,0.004561880377276052,0.05336036943524921,0.07643883450848397,0.017147300934502886,0.030999800513995653,0.036439749426974304,0.07122152625335244,0.17791440915964796,0.002167949524489447,0.10901579856949987
2024-05-31,0.043089738980004205,0.0587795237577352,0.06537088938060563,0.09827355906545204,0.019842351802601105,0.07316483171249513,0.07608384482624907,0.06413220971118119,0.03261874480532023,0.014713827631731338,0.0884816819243082,0.023946945003813586,0.04327484959411974,0.05413880080957216,0.0439540015061274,,0.08345791975361073,0.06089656300216692,0.020171517177182508,0.02173218216244923,0.04615938681083639,0.025394291564922847,0.06621964704637381,0.051824068426851534,0.01781632767099281,0.03174657212190188,0.03517115433029447,0.025610133456211166,0.06828093351898257,0.01992078032461132,0.015258820132133836,0.04108485354226231,0.0028434087854170716,0.0475954188511324,0.0679698071047161,0.01712050856310593,0.03050352952736854,0.03713316825474205,0.07156652368655432,0.18112518590452797,0.0065710403109010065,0.10673868896641404
2024-06-30,0.0432944719579633,0.053934868161234,0.05090190033441059,0.09814261294101008,0.02045182681372341,0.06980756433678692,0.07485422340728565,0.0701777991542484,0.037506278174805625,0.01353080694469393,0.08688670297729303,0.021827849483454547,0.04148527200292373,0.057147072770547404,0.0341085913330728,,0.09196213942556833,0.06621894403739854,0.020498770071943825,0.023239855631304148,0.055141234308607595,0.02457420457420937,0.06226241270994888,0.04882182416421144,0.02020266209725451,0.027746031574433273,0.04150476289694962,0.02316044790391857,0.05737101993615281,0.023123825403034842,0.015165726622189662,0.038767914408431234,0.0043154834478679694,0.054305325678960154,0.0548241518381594,0.017199138254073227,0.030614725773517475,0.038286867863033924,0.07041130022844255,0.1690447747025307,0.004019956008334807,0.10514635329480372
2024-07-31,0.043839693149601955,0.056418377599287264,0.061652115703090433,0.09405877888362972,0.027106900465680133,0.07008681254217358,0.08168935842024058,0.07367344715239416,0.034476824276199344,0.014739980342800088,0.07898755424427821,0.01889594986701184,0.04106744882652051,0.05549029682499529,0.03423162191808998,,0.08925721598953937,0.06944813224405631,0.02327724322816457,0.014698631896793586,0.05797785542488158,0.02458892973949796,0.06328053074605279,0.04870981541643556,0.020277944146839182,0.027843496074554528,0.043548413882122515,0.022125527791883582,0.05764807086885684,0.020593198320288792,0.014371388442964999,0.03835285106334823,0.005557461884740421,0.049058346741003095,0.06575377737297045,0.021187785549360974,0.03119443672076504,0.03818700400444059,0.07282525879186717,0.17751039842517818,0.00431488088832019,0.10296285512252935
2024-08-31,0.0483123107927557,0.05272285793005657,0.08309681352322958,0.09855622173115272,0.02265551348428993,0.07290330503744284,0.0729168437317533,0.08178691106494901,0.035141423725561165,0.01736155717750398,0.07881891098209742,0.02242811670128005,0.04389190553945898,0.052384379772171856,0.03481426796345651,,0.06740878177427359,0.06983682645891764,0.021778845048922937,0.014406370353357073,0.0589988352396274,0.025072857501280146,0.059996607652406504,0.04911105816562125,0.021666545537635765,0.0282866865007056,0.04216006390658321,0.023958462401853012,0.05944904141968823,0.02057684912598587,0.014591243783132554,0.025896984470807544,0.006542809815845823,0.04432322494928146,0.06282817407407988,0.023006445676686093,0.031215012142015136,0.036775115575445064,0.0888786031039787,0.1813283595299731,0.009679586504790052,0.11250342650377722
2024-09-30,0.049635147008296715,0.05193662006805194,0.09754814146596655,0.1114678734540062,0.015567725618560192,0.08227805200137515,0.07429409123251016,0.07041306166920143,0.035837732036392136,0.01540006946536148,0.08817408474793322,0.009424214208386534,0.043478248209055055,0.049954173430406465,0.04150691163687903,,0.06725295855505807,0.08048921718535544,0.020829472075657548,0.01431852806478474,0.06050761426051976,0.026153674029397587,0.058321393082670245,0.04342951947171661,0.022700143835674348,0.02809879603244452,0.07927178283959307,0.02302947595742256,0.06272939004184505,0.027485142012118987,0.011889013014317495,0.03506921719422649,0.006516386214036791,0.04421324812089552,0.07583438886939291,0.017778655632064856,0.030118503593170816,0.04199097552494041,0.09465915317074888,0.18137986525805752,0.0032522995706003735,0.12269476363143575
2024-10-31,0.047387251734040015,0.05287577743347874,0.09817833013777436,0.10714191678787739,0.015450139040926226,0.08409285559340211,0.09267116333400141,0.07557258110698138,0.03533396086075886,0.017527335872866083,0.0909367258447449,0.011161512645006947,0.04372492593522663,0.04282914519538039,0.04591368514396354,,0.062265491555054876,0.07714695506878488,0.018987169423344535,0.017248316867864183,0.05839287900413811,0.02767995055429399,0.06057396106991303,0.036251162482468506,0.022954627167593288,0.02813162780757289,0.13071554861937118,0.02280971255920772,0.049600112118665385,0.028317746848138838,0.012849332492371366,0.022963561203669776,0.016514678838108386,0.05779637094668131,0.07898457254095466,0.017491737796244827,0.03288947126460842,0.03813500567528576,0.0774759560642387,0.18747696416064744,0.0027072008106435288,0.1496844075803781
2024-11-30,0.042624587503189294,0.04821367717056905,0.06859553394513186,0.1127678961882892,0.017522958320819588,0.08882074774449782,0.0899109625166075,0.07126744497550999,0.0350066773065001,0.01968747738095635,0.09683391145775139,0.010226139279173745,0.04670161131155419,0.04541957101357227,0.043045948411883035,,0.06320910503635413,0.0843854536113566,0.018637475339036223,0.016588974171310212,0.06535517967659621,0.03013505130873113,0.05643943431857507,0.03127226819269313,0.022798918319655016,0.029100706469972884,0.07830542686300854,0.024461247469045485,0.05510893294432197,0.02108937311098958,0.014805442042411812,0.031056334709138315,0.01184387032216176,0.0538492098957268,0.0726602981844657,0.01766436040877467,0.029337160097098566,0.03563673564773549,0.08697310666666185,0.18761174625258153,0.003389326712422296,0.1323858248678012
2024-12-31,0.03692969287147416,0.04308375509565901,0.04805860109069638,0.08483041131305964,0.015520979988296974,0.07811540334432923,0.05805775980424186,0.06190913645439208,0.03382480576126817,0.01690441993699882,0.08240624875298305,0.009993520946533638,0.039249718801258285,0.037393899853379105,0.034455231215469,,0.05593281510002848,0.06222192406231645,0.016732063655811973,0.013985612291417305,0.07401964245921494,0.028083903277175228,0.05674299286661395,0.010317707279985381,0.0195637899411025,0.027109335081219026,0.03705011167995532,0.019915844629232286,0.055025188785575746,0.020694195857138328,0.01433706097312124,0.021472641283509817,0.003471847690293557,0.04626370141722082,0.05355916230670467,0.015579519926034317,0.028688864587315774,0.03349040757948591,0.06811465947146224,0.1593827625332434,0.0023970351845138595,0.12009869007740528
2025-01-31,0.038618810738927506,0.04554929463345364,0.04595267497179305,0.08397404990915577,0.016226022309156447,0.07965556430635423,0.06523948781889052,0.06393906016839357,0.033646793261678985,0.016474769994643344,0.08255584160043901,0.010763091787388546,0.03778870005843455,0.0341127142017802,0.03499970890895385,,0.05355307978103298,0.061217310089813355,0.016923899908625476,0.013965182230172676,0.07374428292234321,0.028340294598650256,0.05003403082492162,0.03247035068565759,0.020188028890616525,0.037137381294945315,0.037266308855383505,0.021137323411607543,0.048401507337215315,0.028114655212280078,0.015719713257393183,0.027847352994028435,0.004106735738468993,0.04601947359929685,0.06427180410928612,0.015528058132895942,0.03289892472269262,0.03187541776017531,0.07051177918241039,0.15358777921834907,0.0021015372148876347,0.1104828787433058
2025-02-28,0.042762380065614544,0.04760592759001034,0.06965509854970134,0.10107231940050976,0.019224459787491936,0.08339449025657747,0.0735836199207204,0.07679941006015109,0.03422607208033927,0.021891674834246214,0.08066246216599869,0.015139626764093254,0.04367513077668899,0.03676690397050453,0.03697943541732588,,0.06218081701557634,0.06347716644122181,0.021190105805821598,0.014265738934041807,0.07605127214444744,0.03025719366563012,0.05687611116718047,0.06429445440324322,0.02347199243155305,0.032103448807023455,0.04182131956332391,0.022447217433707797,0.06174108825653849,0.031043536423519997,0.015051343505046295,0.03116647634850157,0.0027756422829731163,0.047902542740298426,0.07598625960635139,0.0155649571073666,0.03093858956229593,0.034448116189159494,0.07307699388113245,0.15808608451307785,0.0018992564990365592,0.11462577282746177
2025-03-31,0.04475648402668152,0.04718576434961488,0.08677626420904537,0.10042024858853162,0.018195193558265974,0.100057067318945,0.0821688868870768,0.07528422201574311,0.03616681477591314,0.021857535798588987,0.08605384948021347,0.017547803901678892,0.04470979382307695,0.044177295784471625,0.041578946867998574,,0.06277567485859409,0.06504434448149443,0.024142634184714788,0.014128297342287753,0.07614252883862628,0.032322278102045576,0.061579957680602634,0.05637520812779326,0.026179800412001093,0.02875388677143118,0.046354900336130246,0.022049518072673295,0.06512769184400309,0.029618466279509995,0.014072727143097832,0.026895692408115172,0.007918389376028267,0.05350015901433343,0.07796205373656513,0.015714900250040544,0.03472840819494953,0.03355987720959307,0.07251168982836945,0.15952840928830314,0.003940635039983599,0.1289351319980171
2025-04-30,0.04173436014232983,0.044426626922519,0.08108868940251092,0.0932171261705131,0.019823139594916262,0.08765125118369631,0.0842122379103169,0.07010200550559323,0.03442139977210526,0.02096980247011023,0.08648125353945008,0.007492723162126901,0.04359363232166304,0.03768503780996494,0.03549346778306346,,0.05919234434134241,0.0639682332470035,0.024070686163507212,0.014223109200345169,0.07752741565991146,0.031780159223983896,0.05990770289780458,0.04961604294403678,0.02363204885809553,0.0258443558510756,0.08479790666678533,0.02100800111492795,0.07103249401440703,0.030375259698709123,0.01336697288252653,0.02700124736263113,0.004387600147026586,0.05059366430449861,0.07030631493847594,0.017024423938833595,0.028361533383987624,0.038665506392631964,0.06954940693104668,0.1498959931627788,0.0020051508547166974,0.13105799291934236
2025-05-31,0.038627451872805564,0.04375830323674677,0.07635584917015512,0.08840286417402604,0.02363415179588114,0.10797422625209914,0.08065830092433092,0.06775473018549354,0.035514463958964564,0.02519560283587773,0.08184660503127604,0.0084199670105356,0.042001397124134594,0.03500223709892873,0.035539159791471514,,0.056158947940916665,0.06265814600403097,0.020509052522913185,0.014292519605912773,0.07280983484369069,0.030606653497273508,0.06660379799747174,0.04454076280444346,0.024068102770562556,0.025441793150186284,0.07834231087746123,0.02097078889690165,0.07003601585393227,0.029919803140761817,0.014464536104750129,0.027166194956301914,0.0077873777856645515,0.048240679886604645,0.0802807136526249,0.01622442148693662,0.02904087043529334,0.04250083885359528,0.07098079062043146,0.14945515741090662,0.00181398010115375,0.14632071894426654
2025-06-30,0.03800690460643521,0.043225679282848546,0.04536168055191452,0.09886181640443277,0.023109367777717053,0.1001719957620242,0.06621261664922004,0.06460241723571074,0.034601212171782816,0.023343273536493608,0.08348664534600232,0.006865495063909489,0.04354168905102691,0.035109153381864745,0.035570725686656306,,0.053888506127087156,0.06394032567054982,0.0175200131384971,0.0141579741958618,0.07959311606878404,0.0305966178094759,0.06295998717032808,0.03517598021010006,0.02625978644854419,0.025727059786771967,0.08149029754368374,0.019346462172546406,0.06879216176740721,0.03506392435615317,0.01437469489114113,0.026019232353419238,0.006178125439407215,0.049424026979300574,0.07071676659685441,0.017140477996315108,0.029006391996891895,0.04097763061382096,0.0760870391878071,0.14457670479241136,0.0018244179052035528,0.18467572855326206
2025-07-31,0.034821058280903865,0.042929994578449066,0.05256505127409254,0.10143362024669672,0.023214585305148416,0.09435898469899691,0.07573230977908008,0.06561751889922249,0.03408684023993654,0.0239112374209186,0.0909976653753323,0.007906676985592127,0.04031569271341313,0.03721509420127976,0.03360433127629781,,0.05707781986195787,0.06263048516097919,0.01824438596856349,0.014431446925657138,0.07190077048394941,0.03143562952658166,0.06393293204724028,0.03349497057483329,0.023324160581572013,0.02281152059080224,0.0718205343053407,0.019502261725159828,0.07641403723687364,0.03565896080300821,0.014618125564364988,0.02466550077884213,0.006177242385711865,0.049581941606069845,0.07659765992690543,0.01773802546073777,0.028114484506728692,0.033422571510498135,0.07358114031425883,0.14779192827965318,0.0018271695572405606,0.19124831299568687
2025-08-31,0.03708995110412929,0.042779133378501456,0.05825634059480346,0.10203856804538275,0.02166603166155621,0.09705451046153166,0.07502269264045038,0.07151166612039586,0.034634314722744454,0.024019564481772983,0.09015337048232347,0.00932631689109708,0.04144270037348056,0.0334773726585513,0.035180922684483015,,0.054673397690613385,0.062382057269829046,0.019864128519421625,0.013978419483478981,0.07278787393360873,0.03102467019969031,0.06707758558628392,0.03759951042687954,0.024570901576729455,0.024958264516596034,0.08095940790503386,0.02042767060715566,0.0737009931771879,0.035028042802985195,0.014402637225660112,0.03339342072313636,0.007028534752085302,0.05550672744859491,0.07893444929309341,0.017048840517223232,0.02861692414673169,0.030548330566368288,0.07077274491900909,0.14622917564550686,0.0018172101240281867,0.17735811947601987
2025-09-30,0.033715836411406366,0.04502696108050661,0.07078559524610537,0.10132748676682188,0.027124734590701378,0.09289709488462787,0.06759335841482858,0.06067935171161584,0.03418715448510548,0.023209941007072556,0.09291619824503207,0.0071162179747681605,0.03816309080761093,0.03673924429490433,0.0311578711484514,,0.053904276761746105,0.05852367903765115,0.019300167512838418,0.013733546008548455,0.07381249372221814,0.03038777224008401,0.061955859813374585,0.03884177816042544,0.02604889787402806,0.02242582181683528,0.07514912943163542,0.019489564040826374,0.07466638772221071,0.0372152300951811,0.014042156138383466,0.025728838252107356,0.004444618440723726,0.05063102421268303,0.07276657204675951,0.016771557610789606,0.028421339873707416,0.029063696129911634,0.07474609693893049,0.14733962741806453,0.00217546017530158,0.18530388027438832
2025-10-31,0.03361257938780293,0.04256476417596274,0.06833957144342565,0.10157385152391266,0.03262681220805126,0.09427011878239118,0.06712740674876647,0.05886292936862712,0.03381640281775496,0.018397182792113657,0.07947312873235847,0.0047162729765776144,0.04075766506639522,0.035753171606861506,0.02870455762477948,,0.059599972749293975,0.05889202426615449,0.02059895356930966,0.013661753661912105,0.07415679076413541,0.03232376393759918,0.059546687614726285,0.039030156837157944,0.02441843512338319,0.022096120769079543,0.08299901857071468,0.02074285748273646,0.07084443766231363,0.03611474812543975,0.014122957413863881,0.02813332992661154,0.004724798269830018,0.05356266944608619,0.07503969470730593,0.017010001366934528,0.029012111993775576,0.03020834964866839,0.0780080358189793,0.15433840579229055,0.0017427031035321977,0.17972139296807021
